Order ID,Order Date,Year,Country,Region,Category,Product,Customer Segment,Units,Revenue,Cost,Profit,Profit Margin
ORD-10001,2024-01-24,2024,United States,North America,Office Supplies,Printer Paper,Consumer,109,13464.48,11353.45,2111.03,0.15678528857785862
ORD-10002,2024-02-08,2024,United States,North America,Technology,Laptop,Home Office,69,40117.75,30439.6,9678.14,0.2412434287833911
ORD-10003,2024-03-14,2024,United States,North America,Office Supplies,Printer Paper,Home Office,40,6369.9,5005.73,1364.17,0.2141589968308283
ORD-10004,2024-04-26,2024,United States,North America,Technology,Headphones,Home Office,50,46707.88,35928.64,10779.24,0.2307798511613673
ORD-10005,2024-05-11,2024,United States,North America,Technology,Headphones,Corporate,50,31876.28,20883.25,10993.03,0.34486556866481366
ORD-10006,2024-06-09,2024,United States,North America,Technology,Laptop,Corporate,27,19705.49,14359.89,5345.6,0.2712746866974765
ORD-10007,2024-07-18,2024,United States,North America,Technology,Headphones,Home Office,30,30252.16,21919.98,8332.17,0.2754241252650023
ORD-10008,2024-08-08,2024,United States,North America,Furniture,Bookshelf,Home Office,39,21404.91,17648.37,3756.54,0.1754989260386794
ORD-10009,2024-09-27,2024,United States,North America,Furniture,Office Chair,Consumer,27,12358.96,9585.5,2773.47,0.22440923628421228
ORD-10010,2024-10-22,2024,United States,North America,Furniture,Desk,Corporate,60,24589.77,19621.72,4968.05,0.20203733864589354
ORD-10011,2024-11-06,2024,United States,North America,Office Supplies,Printer Paper,Home Office,96,11050.77,8647.28,2403.49,0.217495215754042
ORD-10012,2024-12-11,2024,United States,North America,Furniture,Storage Cabinet,Corporate,96,52246.64,41987.82,10258.83,0.19635382087643222
ORD-10013,2024-01-07,2024,Canada,North America,Technology,Smartphone,Consumer,118,46550.31,34348.13,12202.18,0.2621289051170843
ORD-10014,2024-02-21,2024,Canada,North America,Office Supplies,Binders,Consumer,98,7714.11,5892.33,1821.78,0.23616197846640435
ORD-10015,2024-03-09,2024,Canada,North America,Furniture,Desk,Corporate,32,7471.16,5697.78,1773.39,0.23736417609957813
ORD-10016,2024-04-05,2024,Canada,North America,Office Supplies,Desk Organizer,Home Office,66,4787.63,3592.26,1195.37,0.24967909335869928
ORD-10017,2024-05-21,2024,Canada,North America,Office Supplies,Desk Organizer,Consumer,111,6479.1,5551.56,927.53,0.1431578956420791
ORD-10018,2024-06-15,2024,Canada,North America,Technology,Headphones,Home Office,23,9475.11,6618.3,2856.81,0.3015066114033353
ORD-10019,2024-07-18,2024,Canada,North America,Office Supplies,Binders,Home Office,16,1389.8,1190.02,199.78,0.1437462091580424
ORD-10020,2024-08-24,2024,Canada,North America,Furniture,Bookshelf,Consumer,52,13666.82,10599.34,3067.47,0.22444684475950466
ORD-10021,2024-09-28,2024,Canada,North America,Office Supplies,Binders,Home Office,112,7200.41,5475.8,1724.61,0.2395153407213785
ORD-10022,2024-10-25,2024,Canada,North America,Office Supplies,Binders,Home Office,79,6608.64,5628.31,980.33,0.14834071222595616
ORD-10023,2024-11-12,2024,Canada,North America,Technology,Laptop,Home Office,56,24535.2,18562.74,5972.46,0.24342412703850735
ORD-10024,2024-12-03,2024,Canada,North America,Furniture,Desk,Consumer,45,14938.63,10701.53,4237.1,0.2836339334357592
ORD-10025,2024-01-22,2024,Mexico,North America,Office Supplies,Desk Organizer,Consumer,112,7187.87,6144.97,1042.9,0.14509126138245296
ORD-10026,2024-02-07,2024,Mexico,North America,Furniture,Desk,Corporate,82,21720.13,16924.84,4795.3,0.2207765528241064
ORD-10027,2024-03-12,2024,Mexico,North America,Office Supplies,Pens,Home Office,54,3205.64,2530.53,675.12,0.21060243515659394
ORD-10028,2024-04-19,2024,Mexico,North America,Furniture,Storage Cabinet,Consumer,46,8465.94,6683.27,1782.68,0.2105702674576946
ORD-10029,2024-05-02,2024,Mexico,North America,Office Supplies,Pens,Home Office,43,1946.13,1527.83,418.3,0.21494091358581444
ORD-10030,2024-06-22,2024,Mexico,North America,Technology,Laptop,Consumer,57,15178.24,11253.74,3924.49,0.2585605561242794
ORD-10031,2024-07-19,2024,Mexico,North America,Furniture,Desk,Home Office,31,7634.51,5528.25,2106.25,0.2758859690168886
ORD-10032,2024-08-22,2024,Mexico,North America,Furniture,Desk,Corporate,118,24402.53,19977.88,4424.64,0.18131909557902587
ORD-10033,2024-09-22,2024,Mexico,North America,Furniture,Bookshelf,Corporate,67,14357.07,10660.28,3696.79,0.25748910193518215
ORD-10034,2024-10-04,2024,Mexico,North America,Office Supplies,Printer Paper,Consumer,66,4700.24,3637.65,1062.59,0.22607110130340377
ORD-10035,2024-11-09,2024,Mexico,North America,Technology,Smartphone,Consumer,83,28422.56,20446.46,7976.1,0.28062579678012844
ORD-10036,2024-12-04,2024,Mexico,North America,Furniture,Desk,Consumer,71,18235.72,13262.55,4973.17,0.2727160270962048
ORD-10037,2024-01-16,2024,Brazil,South America,Technology,Laptop,Consumer,111,55769.48,41829.49,13939.99,0.24995733327246955
ORD-10038,2024-02-13,2024,Brazil,South America,Furniture,Desk,Corporate,22,4612.28,3827.0,785.28,0.17025864540217114
ORD-10039,2024-03-26,2024,Brazil,South America,Furniture,Storage Cabinet,Corporate,69,19905.46,14776.6,5128.85,0.25766063808985595
ORD-10040,2024-04-19,2024,Brazil,South America,Office Supplies,Desk Organizer,Consumer,39,2578.75,1943.74,635.0,0.246245123796299
ORD-10041,2024-05-17,2024,Brazil,South America,Office Supplies,Printer Paper,Home Office,55,3073.47,2458.47,615.01,0.20010131133507655
ORD-10042,2024-06-20,2024,Brazil,South America,Office Supplies,Pens,Consumer,80,4548.98,3856.18,692.81,0.15229899531768676
ORD-10043,2024-07-19,2024,Brazil,South America,Technology,Smartphone,Corporate,30,15740.04,11043.83,4696.22,0.29836104921658224
ORD-10044,2024-08-17,2024,Brazil,South America,Office Supplies,Printer Paper,Home Office,25,1783.98,1427.11,356.87,0.20004067471494702
ORD-10045,2024-09-13,2024,Brazil,South America,Furniture,Bookshelf,Consumer,100,29138.96,23350.73,5788.23,0.19864231431390153
ORD-10046,2024-10-01,2024,Brazil,South America,Technology,Monitor,Corporate,55,28691.13,18870.5,9820.63,0.34228811449337876
ORD-10047,2024-11-12,2024,Brazil,South America,Furniture,Office Chair,Consumer,83,17997.68,14365.31,3632.36,0.2018240497700482
ORD-10048,2024-12-23,2024,Brazil,South America,Technology,Smartphone,Corporate,51,17187.74,11514.94,5672.8,0.33004939455677684
ORD-10049,2024-01-04,2024,Argentina,South America,Furniture,Office Chair,Home Office,119,19430.37,14731.9,4698.47,0.24181072473232934
ORD-10050,2024-02-10,2024,Argentina,South America,Technology,Monitor,Consumer,28,8153.93,6452.58,1701.35,0.20865374917299884
ORD-10051,2024-03-09,2024,Argentina,South America,Office Supplies,Pens,Home Office,58,2200.46,1834.94,365.51,0.1661085550662096
ORD-10052,2024-04-09,2024,Argentina,South America,Office Supplies,Desk Organizer,Corporate,21,735.71,632.1,103.61,0.14082909270764718
ORD-10053,2024-05-06,2024,Argentina,South America,Technology,Laptop,Corporate,113,22805.73,15791.24,7014.49,0.3075757544594604
ORD-10054,2024-06-03,2024,Argentina,South America,Office Supplies,Desk Organizer,Home Office,105,4597.7,4178.57,419.13,0.09116036395300071
ORD-10055,2024-07-05,2024,Argentina,South America,Office Supplies,Pens,Home Office,19,1033.75,868.45,165.3,0.15990114797877528
ORD-10056,2024-08-28,2024,Argentina,South America,Furniture,Desk,Consumer,54,7889.06,5980.14,1908.92,0.2419705612624785
ORD-10057,2024-09-25,2024,Argentina,South America,Technology,Monitor,Consumer,102,22355.47,17832.17,4523.3,0.20233523460061414
ORD-10058,2024-10-28,2024,Argentina,South America,Office Supplies,Desk Organizer,Home Office,110,4032.47,3219.58,812.89,0.20158572188324092
ORD-10059,2024-11-26,2024,Argentina,South America,Technology,Smartphone,Corporate,18,3760.48,2628.8,1131.67,0.3009384754289854
ORD-10060,2024-12-28,2024,Argentina,South America,Furniture,Desk,Corporate,35,6451.96,5529.51,922.45,0.14297147516835484
ORD-10061,2024-01-10,2024,United Kingdom,Europe,Technology,Headphones,Consumer,40,24997.43,17867.25,7130.18,0.28523638816147306
ORD-10062,2024-02-28,2024,United Kingdom,Europe,Technology,Smartphone,Consumer,99,43203.84,31565.1,11638.75,0.26939143414372474
ORD-10063,2024-03-27,2024,United Kingdom,Europe,Technology,Monitor,Corporate,97,51608.29,35530.13,16078.16,0.31154217420323155
ORD-10064,2024-04-19,2024,United Kingdom,Europe,Office Supplies,Binders,Consumer,29,3330.94,2793.51,537.43,0.16134582356682525
ORD-10065,2024-05-11,2024,United Kingdom,Europe,Furniture,Office Chair,Consumer,91,28696.88,21309.57,7387.31,0.25742540727832447
ORD-10066,2024-06-14,2024,United Kingdom,Europe,Furniture,Office Chair,Corporate,88,23723.28,19563.96,4159.32,0.17532638404558776
ORD-10067,2024-07-11,2024,United Kingdom,Europe,Technology,Smartphone,Corporate,70,27941.21,19287.58,8653.63,0.3097085221893527
ORD-10068,2024-08-10,2024,United Kingdom,Europe,Office Supplies,Binders,Home Office,30,3191.0,2661.17,529.83,0.16603867218535168
ORD-10069,2024-09-07,2024,United Kingdom,Europe,Office Supplies,Desk Organizer,Corporate,66,6939.85,5575.97,1363.89,0.1965294973200152
ORD-10070,2024-10-10,2024,United Kingdom,Europe,Furniture,Storage Cabinet,Home Office,110,44330.57,33520.04,10810.53,0.24386178991416568
ORD-10071,2024-11-20,2024,United Kingdom,Europe,Furniture,Office Chair,Corporate,51,13940.66,10256.27,3684.39,0.26429105929730956
ORD-10072,2024-12-16,2024,United Kingdom,Europe,Office Supplies,Binders,Corporate,71,6487.74,5477.96,1009.78,0.15564416811869194
ORD-10073,2024-01-20,2024,Germany,Europe,Office Supplies,Pens,Home Office,25,2156.89,1704.67,452.22,0.20966246035659988
ORD-10074,2024-02-05,2024,Germany,Europe,Furniture,Office Chair,Consumer,101,30732.46,22533.42,8199.04,0.2667875473491519
ORD-10075,2024-03-15,2024,Germany,Europe,Technology,Laptop,Consumer,75,43972.6,29803.8,14168.79,0.3222187206800235
ORD-10076,2024-04-05,2024,Germany,Europe,Furniture,Desk,Home Office,104,33137.08,25914.58,7222.5,0.2179583435451845
ORD-10077,2024-05-23,2024,Germany,Europe,Office Supplies,Printer Paper,Consumer,114,10741.87,9118.71,1623.17,0.1511064018047839
ORD-10078,2024-06-15,2024,Germany,Europe,Office Supplies,Desk Organizer,Consumer,86,7252.37,5571.27,1681.1,0.23180036168219917
ORD-10079,2024-07-25,2024,Germany,Europe,Technology,Headphones,Home Office,82,57804.76,40379.27,17425.49,0.3014542782163303
ORD-10080,2024-08-16,2024,Germany,Europe,Furniture,Storage Cabinet,Home Office,72,30146.8,22331.59,7815.22,0.2592386530591502
ORD-10081,2024-09-16,2024,Germany,Europe,Furniture,Bookshelf,Consumer,96,28591.27,21062.59,7528.68,0.2633209802400766
ORD-10082,2024-10-09,2024,Germany,Europe,Office Supplies,Pens,Corporate,71,5301.64,4430.64,870.99,0.16428737810357832
ORD-10083,2024-11-23,2024,Germany,Europe,Furniture,Bookshelf,Home Office,25,6768.32,5429.88,1338.45,0.19775137756738245
ORD-10084,2024-12-14,2024,Germany,Europe,Technology,Smartphone,Consumer,68,35505.78,25027.55,10478.23,0.2951133368604698
ORD-10085,2024-01-23,2024,France,Europe,Technology,Smartphone,Corporate,64,38228.56,26756.57,11471.99,0.300089529704507
ORD-10086,2024-02-13,2024,France,Europe,Technology,Headphones,Corporate,15,9117.42,6693.7,2423.72,0.265833518284686
ORD-10087,2024-03-13,2024,France,Europe,Furniture,Desk,Corporate,43,11237.44,8672.19,2565.25,0.22827703925582002
ORD-10088,2024-04-20,2024,France,Europe,Furniture,Storage Cabinet,Home Office,36,12914.31,9293.85,3620.46,0.28034499448027717
ORD-10089,2024-05-21,2024,France,Europe,Office Supplies,Printer Paper,Corporate,90,8083.12,7006.02,1077.09,0.13325224556083748
ORD-10090,2024-06-07,2024,France,Europe,Furniture,Desk,Corporate,38,8478.9,6651.76,1827.14,0.21549246370257677
ORD-10091,2024-07-27,2024,France,Europe,Furniture,Bookshelf,Corporate,112,40929.98,32605.2,8324.78,0.20339079387665673
ORD-10092,2024-08-12,2024,France,Europe,Furniture,Bookshelf,Consumer,75,16336.96,12502.18,3834.78,0.2347302857507041
ORD-10093,2024-09-07,2024,France,Europe,Technology,Laptop,Home Office,20,11111.47,7289.64,3821.83,0.3439534079259187
ORD-10094,2024-10-07,2024,France,Europe,Technology,Smartphone,Consumer,31,14810.9,11201.09,3609.81,0.24372673353311683
ORD-10095,2024-11-23,2024,France,Europe,Furniture,Bookshelf,Corporate,36,11464.96,8190.02,3274.95,0.2856481692921451
ORD-10096,2024-12-19,2024,France,Europe,Technology,Smartphone,Corporate,28,14193.52,9346.91,4846.61,0.3414664602088546
ORD-10097,2024-01-27,2024,Spain,Europe,Office Supplies,Desk Organizer,Corporate,106,5181.4,4139.67,1041.73,0.20105174334998224
ORD-10098,2024-02-20,2024,Spain,Europe,Office Supplies,Pens,Consumer,104,7098.91,5451.71,1647.2,0.23203518869065556
ORD-10099,2024-03-17,2024,Spain,Europe,Technology,Laptop,Corporate,83,26328.72,19102.31,7226.4,0.27446850514616666
ORD-10100,2024-04-12,2024,Spain,Europe,Office Supplies,Binders,Consumer,68,4756.0,4077.49,678.51,0.1426646644772798
ORD-10101,2024-05-21,2024,Spain,Europe,Office Supplies,Desk Organizer,Home Office,34,1934.1,1512.36,421.74,0.21805543648160694
ORD-10102,2024-06-11,2024,Spain,Europe,Furniture,Storage Cabinet,Corporate,70,17000.27,12901.55,4098.71,0.24109695428764422
ORD-10103,2024-07-20,2024,Spain,Europe,Technology,Laptop,Corporate,72,20328.49,14519.32,5809.17,0.2857650159923878
ORD-10104,2024-08-16,2024,Spain,Europe,Office Supplies,Desk Organizer,Corporate,18,1059.67,880.58,179.09,0.1690017001466512
ORD-10105,2024-09-09,2024,Spain,Europe,Technology,Monitor,Corporate,58,16768.12,11711.88,5056.23,0.3015386009524915
ORD-10106,2024-10-16,2024,Spain,Europe,Office Supplies,Printer Paper,Home Office,39,1758.0,1377.55,380.45,0.21640895969250323
ORD-10107,2024-11-26,2024,Spain,Europe,Office Supplies,Pens,Home Office,75,4799.0,3892.48,906.52,0.1888985602094304
ORD-10108,2024-12-22,2024,Spain,Europe,Technology,Laptop,Corporate,43,13445.32,9960.34,3484.98,0.25919661966521085
ORD-10109,2024-01-24,2024,Italy,Europe,Office Supplies,Binders,Corporate,85,5313.38,4563.87,749.51,0.14106045752462565
ORD-10110,2024-02-08,2024,Italy,Europe,Office Supplies,Binders,Corporate,104,6219.35,5430.77,788.58,0.12679475896185963
ORD-10111,2024-03-23,2024,Italy,Europe,Technology,Smartphone,Corporate,30,11751.62,8177.89,3573.73,0.30410530724721224
ORD-10112,2024-04-25,2024,Italy,Europe,Technology,Smartphone,Consumer,109,37155.27,26865.11,10290.16,0.2769502001311661
ORD-10113,2024-05-10,2024,Italy,Europe,Office Supplies,Binders,Consumer,39,2116.66,1834.49,282.16,0.13330572829792642
ORD-10114,2024-06-23,2024,Italy,Europe,Technology,Smartphone,Corporate,20,8744.15,6502.12,2242.03,0.256403076015833
ORD-10115,2024-07-15,2024,Italy,Europe,Technology,Headphones,Consumer,16,5736.61,4323.52,1413.09,0.24632763339166114
ORD-10116,2024-08-27,2024,Italy,Europe,Furniture,Desk,Consumer,47,12530.61,10183.28,2347.33,0.18732750247188262
ORD-10117,2024-09-05,2024,Italy,Europe,Technology,Headphones,Corporate,24,8618.86,6271.31,2347.56,0.27237412219072205
ORD-10118,2024-10-20,2024,Italy,Europe,Technology,Monitor,Consumer,46,12373.21,8887.27,3485.94,0.28173321343914326
ORD-10119,2024-11-28,2024,Italy,Europe,Office Supplies,Pens,Home Office,63,3760.35,3222.14,538.21,0.1431265204823193
ORD-10120,2024-12-24,2024,Italy,Europe,Office Supplies,Desk Organizer,Corporate,87,5713.56,4781.36,932.2,0.16315570946941566
ORD-10121,2024-01-08,2024,India,Asia,Technology,Smartphone,Home Office,42,22443.42,17062.78,5380.64,0.23974249585603807
ORD-10122,2024-02-16,2024,India,Asia,Technology,Laptop,Consumer,15,8776.87,6032.13,2744.74,0.3127245362941722
ORD-10123,2024-03-15,2024,India,Asia,Furniture,Office Chair,Consumer,51,21797.36,16253.01,5544.34,0.254358506971246
ORD-10124,2024-04-26,2024,India,Asia,Technology,Smartphone,Corporate,115,82817.5,57908.09,24909.41,0.30077475070463083
ORD-10125,2024-05-09,2024,India,Asia,Technology,Headphones,Consumer,84,43706.27,32872.42,10833.86,0.2478787281290396
ORD-10126,2024-06-27,2024,India,Asia,Technology,Laptop,Consumer,36,25943.02,18123.65,7819.36,0.30140528447832865
ORD-10127,2024-07-13,2024,India,Asia,Office Supplies,Binders,Corporate,30,3248.34,2707.52,540.82,0.16649094286537208
ORD-10128,2024-08-24,2024,India,Asia,Furniture,Storage Cabinet,Corporate,25,10090.28,7297.99,2792.29,0.27673074671509446
ORD-10129,2024-09-28,2024,India,Asia,Furniture,Bookshelf,Consumer,26,8397.92,6290.75,2107.17,0.25091580406066044
ORD-10130,2024-10-25,2024,India,Asia,Office Supplies,Printer Paper,Home Office,120,11487.5,9938.67,1548.83,0.13482780077735407
ORD-10131,2024-11-19,2024,India,Asia,Technology,Headphones,Home Office,98,58507.82,43098.1,15409.72,0.26337878869309056
ORD-10132,2024-12-22,2024,India,Asia,Furniture,Storage Cabinet,Consumer,75,26174.6,20678.01,5496.59,0.20999700723981102
ORD-10133,2024-01-13,2024,China,Asia,Technology,Smartphone,Corporate,67,52507.18,38614.51,13892.67,0.2645861354433747
ORD-10134,2024-02-25,2024,China,Asia,Office Supplies,Printer Paper,Corporate,26,2928.78,2434.42,494.36,0.16879285435311947
ORD-10135,2024-03-17,2024,China,Asia,Furniture,Office Chair,Home Office,84,35893.98,29558.53,6335.45,0.17650449024520745
ORD-10136,2024-04-18,2024,China,Asia,Furniture,Storage Cabinet,Home Office,71,35620.25,28694.71,6925.54,0.19442698860203286
ORD-10137,2024-05-21,2024,China,Asia,Technology,Monitor,Corporate,104,72741.32,55758.82,16982.5,0.23346433309299952
ORD-10138,2024-06-14,2024,China,Asia,Office Supplies,Pens,Home Office,35,3933.09,3415.33,517.76,0.13164093573592728
ORD-10139,2024-07-05,2024,China,Asia,Technology,Smartphone,Consumer,74,65553.26,45380.87,20172.39,0.30772516265405103
ORD-10140,2024-08-16,2024,China,Asia,Furniture,Bookshelf,Home Office,105,39925.92,29139.26,10786.66,0.2701668734692033
ORD-10141,2024-09-17,2024,China,Asia,Technology,Headphones,Home Office,33,21735.84,14332.09,7403.75,0.34062417799178735
ORD-10142,2024-10-11,2024,China,Asia,Office Supplies,Pens,Consumer,50,7281.63,5588.44,1693.19,0.23252948559666486
ORD-10143,2024-11-19,2024,China,Asia,Office Supplies,Binders,Consumer,51,7256.06,5583.56,1672.5,0.23049711071277051
ORD-10144,2024-12-18,2024,China,Asia,Office Supplies,Desk Organizer,Consumer,72,9272.0,7682.64,1589.36,0.17141487300316094
ORD-10145,2024-01-08,2024,Japan,Asia,Office Supplies,Desk Organizer,Corporate,56,6142.61,4621.13,1521.48,0.24769295575991138
ORD-10146,2024-02-16,2024,Japan,Asia,Office Supplies,Desk Organizer,Consumer,114,9797.74,8149.95,1647.8,0.16818115926805605
ORD-10147,2024-03-05,2024,Japan,Asia,Office Supplies,Desk Organizer,Corporate,99,10463.69,8284.71,2178.98,0.20824228016807272
ORD-10148,2024-04-04,2024,Japan,Asia,Furniture,Office Chair,Consumer,79,31397.32,24808.93,6588.39,0.20983936447176368
ORD-10149,2024-05-28,2024,Japan,Asia,Furniture,Office Chair,Home Office,73,16571.25,13467.47,3103.77,0.18729864991603373
ORD-10150,2024-06-20,2024,Japan,Asia,Office Supplies,Pens,Consumer,75,7884.86,6609.07,1275.79,0.161802733545209
ORD-10151,2024-07-28,2024,Japan,Asia,Office Supplies,Desk Organizer,Home Office,25,2719.16,2087.55,631.61,0.23228096038790716
ORD-10152,2024-08-28,2024,Japan,Asia,Office Supplies,Desk Organizer,Corporate,95,9678.71,7538.47,2140.24,0.22112821712012368
ORD-10153,2024-09-10,2024,Japan,Asia,Office Supplies,Printer Paper,Home Office,23,1767.25,1392.37,374.88,0.21212794892870998
ORD-10154,2024-10-04,2024,Japan,Asia,Technology,Laptop,Corporate,27,15730.34,10783.67,4946.67,0.31446689951948464
ORD-10155,2024-11-26,2024,Japan,Asia,Furniture,Desk,Home Office,53,20475.19,16881.4,3593.78,0.17551891624126562
ORD-10156,2024-12-14,2024,Japan,Asia,Technology,Monitor,Corporate,62,30197.91,22367.48,7830.43,0.25930369186207614
ORD-10157,2024-01-20,2024,Singapore,Asia,Office Supplies,Pens,Consumer,37,1770.19,1355.08,415.11,0.23450075183738245
ORD-10158,2024-02-09,2024,Singapore,Asia,Office Supplies,Pens,Corporate,89,4463.55,3636.28,827.27,0.18533798960259973
ORD-10159,2024-03-10,2024,Singapore,Asia,Furniture,Bookshelf,Home Office,16,4290.94,3321.92,969.02,0.22583039066303617
ORD-10160,2024-04-10,2024,Singapore,Asia,Office Supplies,Pens,Consumer,71,5611.02,4216.58,1394.44,0.2485182034262165
ORD-10161,2024-05-13,2024,Singapore,Asia,Office Supplies,Desk Organizer,Home Office,47,2887.97,2407.83,480.14,0.16625460046459764
ORD-10162,2024-06-23,2024,Singapore,Asia,Furniture,Office Chair,Consumer,63,14324.68,10901.41,3423.28,0.23897743162143747
ORD-10163,2024-07-22,2024,Singapore,Asia,Furniture,Office Chair,Home Office,65,12366.58,9424.43,2942.15,0.2379114820346839
ORD-10164,2024-08-10,2024,Singapore,Asia,Office Supplies,Printer Paper,Home Office,110,6917.04,5267.34,1649.7,0.23849863490724713
ORD-10165,2024-09-25,2024,Singapore,Asia,Technology,Monitor,Consumer,96,27871.74,20622.99,7248.75,0.26007521600523403
ORD-10166,2024-10-10,2024,Singapore,Asia,Office Supplies,Pens,Home Office,27,2093.11,1658.66,434.45,0.20756087306686283
ORD-10167,2024-11-10,2024,Singapore,Asia,Furniture,Office Chair,Home Office,61,15091.31,12362.56,2728.75,0.18081600508954626
ORD-10168,2024-12-12,2024,Singapore,Asia,Furniture,Storage Cabinet,Consumer,40,6899.74,5280.17,1619.57,0.23472893107813056
ORD-10169,2024-01-26,2024,Australia,Oceania,Office Supplies,Binders,Consumer,47,4576.96,3463.38,1113.59,0.2433025379316638
ORD-10170,2024-02-08,2024,Australia,Oceania,Furniture,Bookshelf,Consumer,74,25545.64,20771.39,4774.25,0.18689084180070595
ORD-10171,2024-03-09,2024,Australia,Oceania,Office Supplies,Desk Organizer,Home Office,61,3679.13,3026.64,652.49,0.17734894723944536
ORD-10172,2024-04-19,2024,Australia,Oceania,Office Supplies,Printer Paper,Corporate,62,5364.69,4234.45,1130.24,0.21068089568212162
ORD-10173,2024-05-18,2024,Australia,Oceania,Furniture,Bookshelf,Consumer,101,23379.1,19334.44,4044.65,0.17300295795757792
ORD-10174,2024-06-23,2024,Australia,Oceania,Furniture,Desk,Home Office,23,6764.83,5237.93,1526.9,0.22571210435872172
ORD-10175,2024-07-16,2024,Australia,Oceania,Furniture,Storage Cabinet,Consumer,32,6466.37,5338.21,1128.16,0.17446545538696465
ORD-10176,2024-08-22,2024,Australia,Oceania,Technology,Laptop,Consumer,83,28982.55,20738.83,8243.72,0.28443725082666704
ORD-10177,2024-09-21,2024,Australia,Oceania,Office Supplies,Desk Organizer,Home Office,110,9784.17,7472.66,2311.51,0.23624965406794948
ORD-10178,2024-10-23,2024,Australia,Oceania,Technology,Headphones,Home Office,67,36959.97,27218.48,9741.5,0.2635688168102946
ORD-10179,2024-11-04,2024,Australia,Oceania,Furniture,Desk,Corporate,71,24373.35,17727.86,6645.49,0.2726540231967145
ORD-10180,2024-12-07,2024,Australia,Oceania,Office Supplies,Binders,Home Office,97,7021.86,5773.54,1248.32,0.1777767571293247
ORD-10181,2024-01-01,2024,UAE,Middle East,Technology,Headphones,Consumer,99,32828.95,22759.03,10069.93,0.30673915022356446
ORD-10182,2024-02-27,2024,UAE,Middle East,Technology,Monitor,Consumer,31,14321.59,10674.96,3646.63,0.25462466901714514
ORD-10183,2024-03-25,2024,UAE,Middle East,Office Supplies,Pens,Home Office,42,3509.25,2954.93,554.32,0.1579598414855238
ORD-10184,2024-04-26,2024,UAE,Middle East,Technology,Laptop,Corporate,33,16746.55,11809.23,4937.32,0.29482585482357815
ORD-10185,2024-05-26,2024,UAE,Middle East,Technology,Laptop,Home Office,18,5641.07,4101.12,1539.95,0.27298907350598384
ORD-10186,2024-06-14,2024,UAE,Middle East,Technology,Monitor,Consumer,37,12716.36,9598.17,3118.19,0.24521102524553368
ORD-10187,2024-07-17,2024,UAE,Middle East,Office Supplies,Printer Paper,Home Office,23,1608.0,1248.83,359.17,0.22336204471770424
ORD-10188,2024-08-24,2024,UAE,Middle East,Office Supplies,Printer Paper,Corporate,79,4708.22,3748.63,959.6,0.20381282035413242
ORD-10189,2024-09-16,2024,UAE,Middle East,Office Supplies,Binders,Corporate,97,8697.8,7503.6,1194.2,0.1372990488993406
ORD-10190,2024-10-03,2024,UAE,Middle East,Furniture,Storage Cabinet,Home Office,28,6841.34,4931.49,1909.86,0.2791640994938276
ORD-10191,2024-11-21,2024,UAE,Middle East,Technology,Monitor,Home Office,33,9847.09,7257.29,2589.8,0.26300191994695443
ORD-10192,2024-12-20,2024,UAE,Middle East,Office Supplies,Binders,Corporate,91,6562.24,5351.86,1210.38,0.18444585010905662
ORD-10193,2024-01-25,2024,Saudi Arabia,Middle East,Furniture,Office Chair,Home Office,29,6849.38,5149.98,1699.4,0.24810999978575665
ORD-10194,2024-02-27,2024,Saudi Arabia,Middle East,Office Supplies,Pens,Corporate,72,4987.74,4091.65,896.09,0.1796576285412296
ORD-10195,2024-03-22,2024,Saudi Arabia,Middle East,Furniture,Storage Cabinet,Corporate,108,16316.64,12707.21,3609.43,0.2212116807513149
ORD-10196,2024-04-27,2024,Saudi Arabia,Middle East,Furniture,Bookshelf,Consumer,102,24895.11,20462.38,4432.72,0.17805599697639773
ORD-10197,2024-05-05,2024,Saudi Arabia,Middle East,Technology,Laptop,Corporate,27,9771.25,7086.92,2684.34,0.27471762312510845
ORD-10198,2024-06-14,2024,Saudi Arabia,Middle East,Office Supplies,Printer Paper,Home Office,86,5048.07,3985.95,1062.12,0.21040159176787543
ORD-10199,2024-07-12,2024,Saudi Arabia,Middle East,Furniture,Storage Cabinet,Home Office,21,5232.58,3966.04,1266.54,0.24204921094696122
ORD-10200,2024-08-12,2024,Saudi Arabia,Middle East,Technology,Smartphone,Consumer,99,31114.56,20794.7,10319.86,0.3316729817761943
ORD-10201,2024-09-14,2024,Saudi Arabia,Middle East,Office Supplies,Binders,Consumer,112,5546.87,4675.24,871.63,0.15713909131934167
ORD-10202,2024-10-06,2024,Saudi Arabia,Middle East,Office Supplies,Printer Paper,Home Office,99,6670.08,5588.9,1081.18,0.16209372701849328
ORD-10203,2024-11-19,2024,Saudi Arabia,Middle East,Furniture,Bookshelf,Corporate,59,8324.06,6040.08,2283.99,0.27438352478437256
ORD-10204,2024-12-03,2024,Saudi Arabia,Middle East,Office Supplies,Desk Organizer,Consumer,33,2128.74,1603.76,524.98,0.24661723825096232
ORD-10205,2024-01-10,2024,South Africa,Africa,Office Supplies,Pens,Corporate,68,3388.55,3019.58,368.98,0.10888911310141071
ORD-10206,2024-02-06,2024,South Africa,Africa,Office Supplies,Binders,Home Office,91,3553.32,3211.09,342.23,0.09631305917106263
ORD-10207,2024-03-16,2024,South Africa,Africa,Office Supplies,Printer Paper,Home Office,25,1113.04,924.45,188.58,0.16943264313699136
ORD-10208,2024-04-12,2024,South Africa,Africa,Office Supplies,Desk Organizer,Corporate,49,2100.53,1782.34,318.19,0.15148155669613253
ORD-10209,2024-05-22,2024,South Africa,Africa,Furniture,Office Chair,Corporate,101,19750.4,16029.5,3720.89,0.1883959304037102
ORD-10210,2024-06-07,2024,South Africa,Africa,Furniture,Office Chair,Consumer,65,14727.23,12715.88,2011.35,0.1365738350221697
ORD-10211,2024-07-01,2024,South Africa,Africa,Furniture,Desk,Consumer,112,17097.88,14201.94,2895.95,0.16937468271254094
ORD-10212,2024-08-17,2024,South Africa,Africa,Furniture,Storage Cabinet,Consumer,31,5124.39,4025.52,1098.88,0.21444055160591965
ORD-10213,2024-09-01,2024,South Africa,Africa,Office Supplies,Binders,Consumer,65,4014.99,3633.26,381.73,0.09507627138753495
ORD-10214,2024-10-21,2024,South Africa,Africa,Furniture,Office Chair,Corporate,88,14984.59,12309.38,2675.21,0.17853074614062814
ORD-10215,2024-11-26,2024,South Africa,Africa,Furniture,Bookshelf,Consumer,66,8505.08,7067.96,1437.12,0.16897218153346177
ORD-10216,2024-12-08,2024,South Africa,Africa,Office Supplies,Desk Organizer,Home Office,61,2387.56,1930.73,456.83,0.19133812317776364
ORD-10217,2024-01-11,2024,Nigeria,Africa,Furniture,Storage Cabinet,Home Office,25,3209.25,2544.18,665.06,0.20723294742030338
ORD-10218,2024-02-17,2024,Nigeria,Africa,Technology,Monitor,Consumer,24,5323.7,4026.4,1297.3,0.24368319678062633
ORD-10219,2024-03-05,2024,Nigeria,Africa,Technology,Monitor,Corporate,108,30049.5,20810.69,9238.81,0.3074531571403476
ORD-10220,2024-04-25,2024,Nigeria,Africa,Technology,Laptop,Consumer,47,8570.74,5979.91,2590.83,0.3022878782327798
ORD-10221,2024-05-19,2024,Nigeria,Africa,Office Supplies,Printer Paper,Consumer,113,4774.68,3888.15,886.54,0.18567436822156239
ORD-10222,2024-06-11,2024,Nigeria,Africa,Office Supplies,Desk Organizer,Home Office,87,3705.53,2785.14,920.39,0.24838383372830314
ORD-10223,2024-07-10,2024,Nigeria,Africa,Office Supplies,Binders,Consumer,71,2105.96,1720.43,385.53,0.18306496766035424
ORD-10224,2024-08-02,2024,Nigeria,Africa,Furniture,Office Chair,Corporate,79,8159.66,6320.4,1839.26,0.22540909837357453
ORD-10225,2024-09-03,2024,Nigeria,Africa,Technology,Monitor,Corporate,24,5729.47,3739.72,1989.76,0.34728422390397795
ORD-10226,2024-10-02,2024,Nigeria,Africa,Office Supplies,Desk Organizer,Corporate,89,3613.14,2800.12,813.02,0.22501813567184303
ORD-10227,2024-11-02,2024,Nigeria,Africa,Furniture,Desk,Corporate,92,12383.11,10053.81,2329.3,0.18810332920347655
ORD-10228,2024-12-02,2024,Nigeria,Africa,Furniture,Office Chair,Corporate,106,11032.23,8301.37,2730.87,0.24753525093724635
ORD-10229,2024-01-12,2024,Kenya,Africa,Technology,Headphones,Corporate,82,15385.47,11553.72,3831.74,0.24904954495778492
ORD-10230,2024-02-26,2024,Kenya,Africa,Furniture,Storage Cabinet,Corporate,114,11863.96,8995.89,2868.07,0.24174630348595877
ORD-10231,2024-03-10,2024,Kenya,Africa,Office Supplies,Binders,Consumer,57,1448.44,1142.23,306.21,0.21140552138080976
ORD-10232,2024-04-12,2024,Kenya,Africa,Furniture,Desk,Corporate,25,3002.03,2440.73,561.29,0.1869714056701182
ORD-10233,2024-05-18,2024,Kenya,Africa,Furniture,Storage Cabinet,Consumer,91,11679.2,9575.0,2104.2,0.18016628144048025
ORD-10234,2024-06-22,2024,Kenya,Africa,Furniture,Bookshelf,Consumer,100,12794.95,9165.62,3629.33,0.2836530349303256
ORD-10235,2024-07-12,2024,Kenya,Africa,Office Supplies,Printer Paper,Home Office,100,3162.74,2614.26,548.48,0.17341937156161413
ORD-10236,2024-08-08,2024,Kenya,Africa,Furniture,Desk,Consumer,58,8351.49,6444.41,1907.08,0.22835251050472724
ORD-10237,2024-09-25,2024,Kenya,Africa,Technology,Smartphone,Consumer,52,11527.06,8735.94,2791.13,0.24213689164014734
ORD-10238,2024-10-20,2024,Kenya,Africa,Office Supplies,Printer Paper,Home Office,58,2330.95,1855.06,475.9,0.2041637758592209
ORD-10239,2024-11-26,2024,Kenya,Africa,Furniture,Desk,Consumer,38,5182.05,3821.6,1360.45,0.2625317376477186
ORD-10240,2024-12-15,2024,Kenya,Africa,Technology,Headphones,Consumer,67,11447.45,7826.05,3621.4,0.31635028085487793
ORD-10241,2025-01-10,2025,United States,North America,Office Supplies,Binders,Home Office,115,16933.3,13646.86,3286.44,0.19408133796379137
ORD-10242,2025-02-15,2025,United States,North America,Furniture,Desk,Corporate,101,66674.24,47463.2,19211.03,0.2881327752237892
ORD-10243,2025-03-07,2025,United States,North America,Furniture,Storage Cabinet,Home Office,82,41111.45,33323.01,7788.44,0.18944698078950456
ORD-10244,2025-04-18,2025,United States,North America,Office Supplies,Pens,Corporate,21,3442.08,2633.55,808.52,0.23489403340626844
ORD-10245,2025-05-17,2025,United States,North America,Technology,Laptop,Corporate,25,24426.76,18008.99,6417.76,0.26273495595096275
ORD-10246,2025-06-01,2025,United States,North America,Technology,Headphones,Consumer,43,43132.38,28633.19,14499.19,0.33615557284616093
ORD-10247,2025-07-03,2025,United States,North America,Furniture,Office Chair,Corporate,79,38546.39,30207.27,8339.12,0.21633993416535133
ORD-10248,2025-08-21,2025,United States,North America,Furniture,Desk,Consumer,55,36038.32,26282.71,9755.62,0.2707011545133927
ORD-10249,2025-09-23,2025,United States,North America,Furniture,Desk,Consumer,19,8773.53,6408.44,2365.09,0.2695713899783387
ORD-10250,2025-10-09,2025,United States,North America,Technology,Headphones,Corporate,93,56659.2,43088.92,13570.28,0.23950709255248645
ORD-10251,2025-11-25,2025,United States,North America,Technology,Smartphone,Home Office,108,97438.81,70078.91,27359.9,0.2807905710737588
ORD-10252,2025-12-26,2025,United States,North America,Furniture,Desk,Corporate,30,11697.5,9119.61,2577.88,0.22037906525041315
ORD-10253,2025-01-18,2025,Canada,North America,Office Supplies,Desk Organizer,Consumer,29,2886.52,2338.14,548.38,0.18997950666851318
ORD-10254,2025-02-12,2025,Canada,North America,Technology,Smartphone,Home Office,33,13586.25,10458.86,3127.39,0.23018772031200788
ORD-10255,2025-03-12,2025,Canada,North America,Technology,Headphones,Consumer,100,51239.36,36235.54,15003.81,0.2928181469213853
ORD-10256,2025-04-12,2025,Canada,North America,Technology,Laptop,Corporate,75,25914.67,18751.19,7163.48,0.2764257585832829
ORD-10257,2025-05-22,2025,Canada,North America,Furniture,Office Chair,Corporate,115,25055.24,20070.87,4984.37,0.1989351109262774
ORD-10258,2025-06-12,2025,Canada,North America,Office Supplies,Printer Paper,Home Office,109,10433.33,8909.96,1523.36,0.1460091507831237
ORD-10259,2025-07-23,2025,Canada,North America,Office Supplies,Binders,Home Office,37,3671.67,2892.68,778.99,0.21216190796907802
ORD-10260,2025-08-02,2025,Canada,North America,Furniture,Desk,Consumer,23,7477.42,5359.57,2117.85,0.2832326180854555
ORD-10261,2025-09-10,2025,Canada,North America,Furniture,Desk,Consumer,116,27803.38,22936.99,4866.39,0.17502871303164586
ORD-10262,2025-10-07,2025,Canada,North America,Office Supplies,Desk Organizer,Home Office,75,5378.1,4192.8,1185.31,0.22039491025826383
ORD-10263,2025-11-12,2025,Canada,North America,Furniture,Bookshelf,Consumer,98,25635.53,20894.57,4740.96,0.18493700098932614
ORD-10264,2025-12-06,2025,Canada,North America,Furniture,Storage Cabinet,Home Office,71,25179.25,19730.52,5448.72,0.21639737219128313
ORD-10265,2025-01-24,2025,Mexico,North America,Furniture,Storage Cabinet,Corporate,117,28417.68,20854.67,7563.02,0.26613777048821285
ORD-10266,2025-02-10,2025,Mexico,North America,Furniture,Office Chair,Corporate,92,28355.05,22920.67,5434.38,0.19165477831257077
ORD-10267,2025-03-20,2025,Mexico,North America,Furniture,Office Chair,Consumer,56,14690.54,11652.83,3037.7,0.20677950273089032
ORD-10268,2025-04-24,2025,Mexico,North America,Office Supplies,Desk Organizer,Consumer,103,6909.11,5640.22,1268.9,0.18365555916043091
ORD-10269,2025-05-03,2025,Mexico,North America,Furniture,Storage Cabinet,Corporate,96,29389.26,21050.1,8339.16,0.28374852543237045
ORD-10270,2025-06-01,2025,Mexico,North America,Office Supplies,Desk Organizer,Corporate,80,6497.87,5123.38,1374.49,0.21152927293776272
ORD-10271,2025-07-12,2025,Mexico,North America,Technology,Headphones,Consumer,31,9055.4,6126.69,2928.71,0.3234218448208238
ORD-10272,2025-08-12,2025,Mexico,North America,Furniture,Storage Cabinet,Home Office,19,4838.68,3621.81,1216.87,0.2514874468296074
ORD-10273,2025-09-11,2025,Mexico,North America,Furniture,Storage Cabinet,Consumer,88,16764.25,13176.13,3588.12,0.2140339938384599
ORD-10274,2025-10-17,2025,Mexico,North America,Office Supplies,Binders,Consumer,29,1465.26,1242.06,223.2,0.15232576593671196
ORD-10275,2025-11-20,2025,Mexico,North America,Furniture,Office Chair,Corporate,114,23635.91,18352.04,5283.87,0.22355277348867397
ORD-10276,2025-12-06,2025,Mexico,North America,Furniture,Storage Cabinet,Consumer,30,5706.98,4686.08,1020.9,0.1788862447011851
ORD-10277,2025-01-11,2025,Brazil,South America,Office Supplies,Desk Organizer,Consumer,118,10915.09,8388.66,2526.43,0.23146254627696394
ORD-10278,2025-02-10,2025,Brazil,South America,Office Supplies,Binders,Home Office,23,1982.23,1655.47,326.76,0.16484347393333768
ORD-10279,2025-03-26,2025,Brazil,South America,Technology,Smartphone,Corporate,80,31622.84,20611.26,11011.57,0.3482159056076231
ORD-10280,2025-04-15,2025,Brazil,South America,Technology,Smartphone,Corporate,18,7774.68,5452.59,2322.09,0.29867328885398314
ORD-10281,2025-05-23,2025,Brazil,South America,Office Supplies,Pens,Home Office,26,1637.95,1346.76,291.19,0.1777791976925091
ORD-10282,2025-06-03,2025,Brazil,South America,Office Supplies,Desk Organizer,Home Office,67,6477.4,4995.37,1482.03,0.22880072794100695
ORD-10283,2025-07-12,2025,Brazil,South America,Technology,Monitor,Home Office,24,10939.46,7530.58,3408.88,0.31161307887794965
ORD-10284,2025-08-27,2025,Brazil,South America,Technology,Smartphone,Consumer,70,32899.43,21904.92,10994.51,0.3341853952903267
ORD-10285,2025-09-08,2025,Brazil,South America,Technology,Smartphone,Corporate,36,13629.16,8965.69,4663.47,0.3421685403966892
ORD-10286,2025-10-09,2025,Brazil,South America,Furniture,Bookshelf,Consumer,47,11282.96,8070.0,3212.96,0.28476219524518376
ORD-10287,2025-11-19,2025,Brazil,South America,Technology,Monitor,Home Office,83,29897.49,20721.4,9176.09,0.306918491275879
ORD-10288,2025-12-11,2025,Brazil,South America,Office Supplies,Pens,Consumer,99,8885.26,6768.43,2116.82,0.2382401072428873
ORD-10289,2025-01-19,2025,Argentina,South America,Office Supplies,Printer Paper,Consumer,25,803.02,668.94,134.08,0.1669744480589233
ORD-10290,2025-02-21,2025,Argentina,South America,Furniture,Desk,Home Office,68,10919.11,9459.94,1459.17,0.1336343078297717
ORD-10291,2025-03-22,2025,Argentina,South America,Office Supplies,Binders,Home Office,53,2277.32,1852.46,424.86,0.186562578505888
ORD-10292,2025-04-14,2025,Argentina,South America,Furniture,Bookshelf,Corporate,24,3999.25,3403.48,595.77,0.14896965364182496
ORD-10293,2025-05-23,2025,Argentina,South America,Furniture,Storage Cabinet,Consumer,58,9256.28,7705.76,1550.52,0.16750989990963194
ORD-10294,2025-06-04,2025,Argentina,South America,Furniture,Bookshelf,Corporate,31,5357.69,4330.1,1027.59,0.19179761608986667
ORD-10295,2025-07-04,2025,Argentina,South America,Furniture,Desk,Corporate,30,3913.07,3287.96,625.11,0.1597502659030655
ORD-10296,2025-08-06,2025,Argentina,South America,Technology,Monitor,Corporate,93,21541.02,14959.76,6581.26,0.30552230226872035
ORD-10297,2025-09-15,2025,Argentina,South America,Furniture,Bookshelf,Consumer,112,13567.84,10182.44,3385.4,0.24951632933145
ORD-10298,2025-10-15,2025,Argentina,South America,Furniture,Bookshelf,Corporate,17,1958.15,1611.19,346.96,0.17718906209359567
ORD-10299,2025-11-20,2025,Argentina,South America,Technology,Smartphone,Home Office,60,10819.28,8398.33,2420.95,0.22376276060482336
ORD-10300,2025-12-05,2025,Argentina,South America,Office Supplies,Desk Organizer,Corporate,83,2589.31,2322.87,266.44,0.102899650124545
ORD-10301,2025-01-18,2025,United Kingdom,Europe,Furniture,Bookshelf,Corporate,61,15382.26,12672.84,2709.41,0.17613892248596102
ORD-10302,2025-02-25,2025,United Kingdom,Europe,Technology,Monitor,Home Office,51,21228.52,15061.41,6167.11,0.2905106634947845
ORD-10303,2025-03-04,2025,United Kingdom,Europe,Office Supplies,Binders,Home Office,102,10660.65,9110.17,1550.48,0.1454396068827058
ORD-10304,2025-04-07,2025,United Kingdom,Europe,Furniture,Bookshelf,Corporate,86,36649.93,27099.11,9550.82,0.26059582067513537
ORD-10305,2025-05-11,2025,United Kingdom,Europe,Office Supplies,Desk Organizer,Home Office,20,1454.88,1241.83,213.06,0.1464443648281025
ORD-10306,2025-06-20,2025,United Kingdom,Europe,Furniture,Storage Cabinet,Consumer,92,38386.27,31216.72,7169.55,0.18677371829268263
ORD-10307,2025-07-11,2025,United Kingdom,Europe,Furniture,Desk,Corporate,93,36018.58,28602.07,7416.52,0.20590812110339818
ORD-10308,2025-08-12,2025,United Kingdom,Europe,Office Supplies,Desk Organizer,Home Office,87,7572.15,5846.54,1725.62,0.22788985998925887
ORD-10309,2025-09-28,2025,United Kingdom,Europe,Furniture,Office Chair,Corporate,89,26990.25,19490.95,7499.3,0.27785205250262396
ORD-10310,2025-10-25,2025,United Kingdom,Europe,Office Supplies,Printer Paper,Home Office,75,6383.41,5051.38,1332.03,0.20867091666123633
ORD-10311,2025-11-21,2025,United Kingdom,Europe,Office Supplies,Pens,Home Office,21,2162.38,1837.03,325.36,0.15046144740959908
ORD-10312,2025-12-23,2025,United Kingdom,Europe,Office Supplies,Desk Organizer,Consumer,120,13011.55,11270.76,1740.8,0.1337884616010519
ORD-10313,2025-01-23,2025,Germany,Europe,Technology,Smartphone,Consumer,71,36720.58,27607.57,9113.01,0.24817175097432143
ORD-10314,2025-02-28,2025,Germany,Europe,Technology,Headphones,Home Office,114,70187.96,50072.61,20115.35,0.2865926556642213
ORD-10315,2025-03-22,2025,Germany,Europe,Office Supplies,Printer Paper,Home Office,32,3342.81,2683.25,659.56,0.19730641274903676
ORD-10316,2025-04-18,2025,Germany,Europe,Furniture,Storage Cabinet,Corporate,37,12951.98,9921.54,3030.44,0.2339752477487865
ORD-10317,2025-05-18,2025,Germany,Europe,Furniture,Bookshelf,Home Office,76,22443.07,17963.83,4479.24,0.19958229626328328
ORD-10318,2025-06-23,2025,Germany,Europe,Furniture,Desk,Corporate,113,35607.55,28668.59,6938.96,0.19487333538255688
ORD-10319,2025-07-24,2025,Germany,Europe,Furniture,Bookshelf,Corporate,59,21871.14,15700.46,6170.69,0.2821382467109609
ORD-10320,2025-08-13,2025,Germany,Europe,Furniture,Bookshelf,Consumer,88,34713.88,27230.84,7483.04,0.21556330224492593
ORD-10321,2025-09-12,2025,Germany,Europe,Furniture,Desk,Corporate,20,6296.6,4686.58,1610.02,0.2556969544998074
ORD-10322,2025-10-09,2025,Germany,Europe,Furniture,Bookshelf,Home Office,76,22781.1,16644.91,6136.18,0.26935420442096397
ORD-10323,2025-11-08,2025,Germany,Europe,Office Supplies,Binders,Consumer,28,3085.36,2467.0,618.37,0.2004196598284978
ORD-10324,2025-12-23,2025,Germany,Europe,Technology,Smartphone,Home Office,44,18955.15,13655.36,5299.79,0.279596163925791
ORD-10325,2025-01-06,2025,France,Europe,Furniture,Office Chair,Home Office,113,27711.22,19792.95,7918.27,0.2857422520670467
ORD-10326,2025-02-11,2025,France,Europe,Furniture,Storage Cabinet,Corporate,98,25106.47,17934.31,7172.16,0.2856696846669122
ORD-10327,2025-03-24,2025,France,Europe,Furniture,Office Chair,Consumer,98,31596.37,24195.92,7400.45,0.23421827322723257
ORD-10328,2025-04-27,2025,France,Europe,Technology,Smartphone,Corporate,37,23071.16,17664.18,5406.97,0.2343607819055066
ORD-10329,2025-05-02,2025,France,Europe,Furniture,Storage Cabinet,Consumer,110,43008.88,30918.02,12090.86,0.2811247637475731
ORD-10330,2025-06-10,2025,France,Europe,Technology,Monitor,Home Office,92,35652.86,23247.12,12405.74,0.34795926660452087
ORD-10331,2025-07-04,2025,France,Europe,Furniture,Storage Cabinet,Consumer,79,23988.88,19355.73,4633.15,0.19313736779285723
ORD-10332,2025-08-01,2025,France,Europe,Furniture,Desk,Home Office,73,24492.82,18216.98,6275.84,0.2562317808147064
ORD-10333,2025-09-20,2025,France,Europe,Office Supplies,Binders,Corporate,87,8536.06,7228.51,1307.55,0.15317935452654496
ORD-10334,2025-10-04,2025,France,Europe,Office Supplies,Desk Organizer,Corporate,80,6436.05,5289.79,1146.26,0.1780999895953439
ORD-10335,2025-11-13,2025,France,Europe,Technology,Smartphone,Corporate,56,34948.93,26882.04,8066.9,0.23081961446474664
ORD-10336,2025-12-01,2025,France,Europe,Technology,Headphones,Corporate,57,25257.01,17256.95,8000.05,0.31674590340811976
ORD-10337,2025-01-10,2025,Spain,Europe,Furniture,Bookshelf,Home Office,45,6839.25,5579.55,1259.7,0.18418698173647677
ORD-10338,2025-02-25,2025,Spain,Europe,Technology,Headphones,Home Office,79,32122.18,21311.9,10810.28,0.336536169681153
ORD-10339,2025-03-05,2025,Spain,Europe,Furniture,Office Chair,Home Office,52,9742.73,7828.26,1914.46,0.19650190879624665
ORD-10340,2025-04-23,2025,Spain,Europe,Furniture,Desk,Corporate,110,28525.71,22397.39,6128.32,0.21483498103843235
ORD-10341,2025-05-08,2025,Spain,Europe,Office Supplies,Desk Organizer,Home Office,117,7482.7,6313.83,1168.87,0.15620939471887924
ORD-10342,2025-06-19,2025,Spain,Europe,Office Supplies,Printer Paper,Home Office,72,4277.75,3535.93,741.82,0.17341418422290925
ORD-10343,2025-07-06,2025,Spain,Europe,Technology,Laptop,Home Office,79,21465.33,15145.95,6319.38,0.29439921899126675
ORD-10344,2025-08-03,2025,Spain,Europe,Furniture,Storage Cabinet,Consumer,102,17195.07,13068.64,4126.43,0.23997772141292215
ORD-10345,2025-09-19,2025,Spain,Europe,Office Supplies,Desk Organizer,Consumer,73,3370.72,2764.49,606.23,0.17985094886135922
ORD-10346,2025-10-09,2025,Spain,Europe,Technology,Headphones,Home Office,118,34402.79,26400.28,8002.52,0.23261245494718732
ORD-10347,2025-11-03,2025,Spain,Europe,Technology,Smartphone,Home Office,24,5816.68,4238.36,1578.32,0.2713434639874561
ORD-10348,2025-12-25,2025,Spain,Europe,Office Supplies,Printer Paper,Consumer,75,3211.95,2636.8,575.14,0.17906403229830983
ORD-10349,2025-01-13,2025,Italy,Europe,Technology,Headphones,Corporate,63,20402.46,14280.62,6121.83,0.3000538092018073
ORD-10350,2025-02-28,2025,Italy,Europe,Furniture,Office Chair,Home Office,99,24825.26,21201.8,3623.46,0.14595877676028074
ORD-10351,2025-03-08,2025,Italy,Europe,Furniture,Office Chair,Consumer,83,16096.15,13757.68,2338.48,0.14528165047871297
ORD-10352,2025-04-18,2025,Italy,Europe,Technology,Laptop,Corporate,74,27138.81,20209.36,6929.45,0.2553334406830026
ORD-10353,2025-05-24,2025,Italy,Europe,Furniture,Desk,Consumer,73,13752.77,11510.0,2242.77,0.16307796733541527
ORD-10354,2025-06-01,2025,Italy,Europe,Technology,Laptop,Home Office,68,24178.91,16868.45,7310.46,0.30234855164625335
ORD-10355,2025-07-22,2025,Italy,Europe,Technology,Smartphone,Consumer,27,9492.45,7180.35,2312.1,0.24357292794983224
ORD-10356,2025-08-18,2025,Italy,Europe,Office Supplies,Printer Paper,Consumer,109,4803.07,4117.79,685.28,0.1426755373784952
ORD-10357,2025-09-24,2025,Italy,Europe,Technology,Laptop,Consumer,79,33792.23,26422.16,7370.06,0.21809938205699875
ORD-10358,2025-10-08,2025,Italy,Europe,Office Supplies,Binders,Home Office,91,6266.38,5087.01,1179.37,0.18820589869081844
ORD-10359,2025-11-02,2025,Italy,Europe,Furniture,Desk,Home Office,81,14063.75,11728.32,2335.43,0.16606011445089044
ORD-10360,2025-12-12,2025,Italy,Europe,Office Supplies,Pens,Home Office,101,5767.47,4905.38,862.09,0.14947449449916247
ORD-10361,2025-01-10,2025,India,Asia,Office Supplies,Desk Organizer,Home Office,55,8362.51,6865.69,1496.81,0.1789911012195506
ORD-10362,2025-02-28,2025,India,Asia,Furniture,Desk,Home Office,75,30283.35,24316.28,5967.07,0.1970413458055882
ORD-10363,2025-03-18,2025,India,Asia,Office Supplies,Pens,Corporate,22,3114.84,2348.17,766.67,0.24613434262559516
ORD-10364,2025-04-03,2025,India,Asia,Office Supplies,Pens,Corporate,46,5408.23,4490.83,917.41,0.16963155923489262
ORD-10365,2025-05-09,2025,India,Asia,Furniture,Bookshelf,Consumer,83,44384.18,35824.34,8559.83,0.19285779421168867
ORD-10366,2025-06-22,2025,India,Asia,Furniture,Office Chair,Consumer,39,21700.86,16481.58,5219.27,0.2405100426593172
ORD-10367,2025-07-01,2025,India,Asia,Office Supplies,Pens,Corporate,41,6788.51,5634.76,1153.75,0.16995571729825854
ORD-10368,2025-08-08,2025,India,Asia,Technology,Smartphone,Home Office,30,26207.36,17807.39,8399.98,0.3205196891536601
ORD-10369,2025-09-13,2025,India,Asia,Office Supplies,Pens,Corporate,45,6335.03,4921.93,1413.1,0.22306166584765239
ORD-10370,2025-10-15,2025,India,Asia,Furniture,Bookshelf,Corporate,48,20924.04,15150.31,5773.73,0.27593743428344486
ORD-10371,2025-11-19,2025,India,Asia,Technology,Headphones,Corporate,41,29069.53,20939.61,8129.92,0.279671620469435
ORD-10372,2025-12-24,2025,India,Asia,Technology,Smartphone,Consumer,48,37867.12,26503.81,11363.31,0.3000838278941597
ORD-10373,2025-01-27,2025,China,Asia,Furniture,Bookshelf,Consumer,40,16088.84,12620.4,3468.45,0.21558077296893846
ORD-10374,2025-02-25,2025,China,Asia,Technology,Headphones,Home Office,98,88405.11,64490.85,23914.27,0.2705077140843809
ORD-10375,2025-03-05,2025,China,Asia,Furniture,Storage Cabinet,Corporate,36,18172.73,14315.36,3857.36,0.21226114019983916
ORD-10376,2025-04-17,2025,China,Asia,Office Supplies,Desk Organizer,Consumer,84,13820.47,10436.27,3384.2,0.24486842726951719
ORD-10377,2025-05-27,2025,China,Asia,Technology,Laptop,Home Office,21,17396.93,12534.71,4862.22,0.27948706668987106
ORD-10378,2025-06-15,2025,China,Asia,Office Supplies,Pens,Consumer,105,10803.62,9115.59,1688.03,0.15624636069452733
ORD-10379,2025-07-16,2025,China,Asia,Furniture,Office Chair,Home Office,96,46847.08,35417.22,11429.86,0.24398232333012065
ORD-10380,2025-08-01,2025,China,Asia,Office Supplies,Desk Organizer,Consumer,15,1963.29,1611.15,352.14,0.17936062098608993
ORD-10381,2025-09-22,2025,China,Asia,Office Supplies,Binders,Home Office,51,4746.01,3665.92,1080.09,0.22757886650966921
ORD-10382,2025-10-20,2025,China,Asia,Furniture,Desk,Consumer,27,12197.1,9770.9,2426.2,0.1989162598776209
ORD-10383,2025-11-13,2025,China,Asia,Office Supplies,Binders,Corporate,49,7358.83,6332.4,1026.43,0.13948230925773217
ORD-10384,2025-12-03,2025,China,Asia,Furniture,Desk,Home Office,43,16968.28,12397.58,4570.7,0.26936744944560564
ORD-10385,2025-01-02,2025,Japan,Asia,Office Supplies,Printer Paper,Consumer,66,5620.4,4516.98,1103.42,0.19632417274356342
ORD-10386,2025-02-21,2025,Japan,Asia,Office Supplies,Printer Paper,Home Office,36,2507.62,1927.26,580.36,0.23143957534483936
ORD-10387,2025-03-23,2025,Japan,Asia,Furniture,Office Chair,Home Office,20,5362.5,3870.9,1491.59,0.27815275508295023
ORD-10388,2025-04-09,2025,Japan,Asia,Office Supplies,Desk Organizer,Corporate,20,2272.76,1790.63,482.12,0.21213144921563698
ORD-10389,2025-05-05,2025,Japan,Asia,Office Supplies,Printer Paper,Consumer,55,3638.4,3074.96,563.44,0.15485897384915
ORD-10390,2025-06-27,2025,Japan,Asia,Office Supplies,Desk Organizer,Consumer,53,3912.74,3291.17,621.56,0.15885666331651435
ORD-10391,2025-07-23,2025,Japan,Asia,Furniture,Bookshelf,Corporate,111,40018.82,29419.44,10599.37,0.2648597702280979
ORD-10392,2025-08-14,2025,Japan,Asia,Office Supplies,Printer Paper,Home Office,110,12788.58,11043.66,1744.92,0.13644357183368727
ORD-10393,2025-09-13,2025,Japan,Asia,Technology,Laptop,Corporate,92,54368.22,35633.86,18734.36,0.3445830076297598
ORD-10394,2025-10-08,2025,Japan,Asia,Furniture,Office Chair,Home Office,49,18054.87,14009.39,4045.48,0.22406602337116308
ORD-10395,2025-11-03,2025,Japan,Asia,Furniture,Storage Cabinet,Corporate,38,13286.67,9974.56,3312.11,0.24928062890178498
ORD-10396,2025-12-13,2025,Japan,Asia,Office Supplies,Binders,Consumer,106,7332.7,6143.65,1189.05,0.16215664370735378
ORD-10397,2025-01-01,2025,Singapore,Asia,Office Supplies,Pens,Home Office,64,4078.88,3496.47,582.41,0.14278611012535136
ORD-10398,2025-02-06,2025,Singapore,Asia,Furniture,Storage Cabinet,Corporate,112,24004.24,19541.83,4462.41,0.1859008405393039
ORD-10399,2025-03-03,2025,Singapore,Asia,Furniture,Storage Cabinet,Home Office,86,21375.0,17476.3,3898.7,0.18239515128099487
ORD-10400,2025-04-01,2025,Singapore,Asia,Furniture,Office Chair,Home Office,91,26108.33,18963.88,7144.44,0.27364618127218293
ORD-10401,2025-05-08,2025,Singapore,Asia,Furniture,Storage Cabinet,Corporate,114,21457.61,15489.47,5968.14,0.278136325382772
ORD-10402,2025-06-09,2025,Singapore,Asia,Office Supplies,Pens,Home Office,63,3637.96,3047.62,590.33,0.1622702756236178
ORD-10403,2025-07-16,2025,Singapore,Asia,Furniture,Desk,Consumer,36,8552.87,6666.69,1886.18,0.2205322807727029
ORD-10404,2025-08-20,2025,Singapore,Asia,Technology,Monitor,Corporate,46,20653.39,14674.31,5979.08,0.28949629240674346
ORD-10405,2025-09-11,2025,Singapore,Asia,Technology,Headphones,Consumer,32,11333.23,7436.2,3897.03,0.3438588154873478
ORD-10406,2025-10-28,2025,Singapore,Asia,Office Supplies,Desk Organizer,Corporate,71,4577.16,3534.22,1042.94,0.22785705640036036
ORD-10407,2025-11-16,2025,Singapore,Asia,Office Supplies,Pens,Corporate,56,4221.76,3320.69,901.07,0.21343507546262572
ORD-10408,2025-12-16,2025,Singapore,Asia,Furniture,Desk,Corporate,55,11955.97,8926.38,3029.58,0.2533949321206533
ORD-10409,2025-01-12,2025,Australia,Oceania,Office Supplies,Pens,Corporate,63,4555.32,3533.54,1021.78,0.22430398380124728
ORD-10410,2025-02-01,2025,Australia,Oceania,Technology,Smartphone,Home Office,84,31782.13,21544.66,10237.48,0.3221141489298039
ORD-10411,2025-03-23,2025,Australia,Oceania,Office Supplies,Desk Organizer,Home Office,41,3270.96,2731.38,539.58,0.1649597449582354
ORD-10412,2025-04-09,2025,Australia,Oceania,Technology,Headphones,Home Office,78,28670.99,21034.76,7636.23,0.26633991710128296
ORD-10413,2025-05-20,2025,Australia,Oceania,Office Supplies,Pens,Home Office,69,6647.9,5724.67,923.23,0.13887581626987466
ORD-10414,2025-06-14,2025,Australia,Oceania,Furniture,Storage Cabinet,Home Office,79,28125.47,20409.08,7716.39,0.27435604693744375
ORD-10415,2025-07-21,2025,Australia,Oceania,Office Supplies,Printer Paper,Corporate,104,10542.99,8493.13,2049.86,0.19442871832295053
ORD-10416,2025-08-20,2025,Australia,Oceania,Technology,Laptop,Consumer,99,50156.17,37619.1,12537.07,0.2499606191936133
ORD-10417,2025-09-09,2025,Australia,Oceania,Technology,Headphones,Corporate,116,51579.23,39650.72,11928.51,0.2312657327341497
ORD-10418,2025-10-19,2025,Australia,Oceania,Technology,Smartphone,Corporate,62,26923.13,18235.55,8687.59,0.3226810678954919
ORD-10419,2025-11-03,2025,Australia,Oceania,Office Supplies,Pens,Corporate,18,1473.72,1229.89,243.83,0.16545186646220864
ORD-10420,2025-12-17,2025,Australia,Oceania,Technology,Smartphone,Corporate,54,22762.37,15384.81,7377.57,0.32411239970344363
ORD-10421,2025-01-11,2025,UAE,Middle East,Furniture,Bookshelf,Corporate,27,7743.39,5779.58,1963.81,0.2536115918628399
ORD-10422,2025-02-11,2025,UAE,Middle East,Technology,Monitor,Consumer,118,63494.93,48719.01,14775.92,0.23271021382437354
ORD-10423,2025-03-08,2025,UAE,Middle East,Office Supplies,Printer Paper,Home Office,117,8109.32,6097.66,2011.66,0.24806805647059332
ORD-10424,2025-04-15,2025,UAE,Middle East,Office Supplies,Pens,Home Office,35,2711.67,2220.42,491.26,0.18116432603460184
ORD-10425,2025-05-13,2025,UAE,Middle East,Technology,Headphones,Home Office,38,14979.02,10352.35,4626.67,0.30887694933903304
ORD-10426,2025-06-07,2025,UAE,Middle East,Technology,Smartphone,Corporate,90,41482.47,31919.35,9563.12,0.23053400519913636
ORD-10427,2025-07-26,2025,UAE,Middle East,Technology,Monitor,Home Office,118,66254.86,46425.99,19828.87,0.29928174862422235
ORD-10428,2025-08-22,2025,UAE,Middle East,Office Supplies,Pens,Corporate,56,3971.18,3400.62,570.56,0.14367459648461944
ORD-10429,2025-09-12,2025,UAE,Middle East,Furniture,Bookshelf,Home Office,64,20237.22,15371.37,4865.85,0.2404405657478261
ORD-10430,2025-10-10,2025,UAE,Middle East,Furniture,Storage Cabinet,Home Office,37,12972.06,9667.83,3304.22,0.2547186033135176
ORD-10431,2025-11-04,2025,UAE,Middle East,Office Supplies,Printer Paper,Home Office,32,2451.33,2062.47,388.85,0.15862872717265494
ORD-10432,2025-12-05,2025,UAE,Middle East,Technology,Monitor,Home Office,33,15946.25,11478.29,4467.96,0.28018869274535096
ORD-10433,2025-01-21,2025,Saudi Arabia,Middle East,Office Supplies,Desk Organizer,Corporate,38,2523.06,2032.36,490.7,0.1944855123997625
ORD-10434,2025-02-15,2025,Saudi Arabia,Middle East,Technology,Smartphone,Corporate,51,15180.73,11116.1,4064.63,0.26774960175930124
ORD-10435,2025-03-13,2025,Saudi Arabia,Middle East,Office Supplies,Printer Paper,Corporate,16,1061.08,898.29,162.79,0.15341541899610983
ORD-10436,2025-04-15,2025,Saudi Arabia,Middle East,Office Supplies,Desk Organizer,Corporate,102,6792.15,5330.36,1461.79,0.21521708474149556
ORD-10437,2025-05-10,2025,Saudi Arabia,Middle East,Furniture,Desk,Consumer,87,14769.31,10909.69,3859.62,0.2613267942254509
ORD-10438,2025-06-19,2025,Saudi Arabia,Middle East,Technology,Monitor,Consumer,83,27342.53,18492.06,8850.47,0.3236888236915958
ORD-10439,2025-07-25,2025,Saudi Arabia,Middle East,Office Supplies,Desk Organizer,Home Office,80,4169.46,3570.29,599.17,0.14370479816307624
ORD-10440,2025-08-15,2025,Saudi Arabia,Middle East,Office Supplies,Binders,Home Office,120,9206.81,7170.26,2036.55,0.221200495707077
ORD-10441,2025-09-08,2025,Saudi Arabia,Middle East,Office Supplies,Pens,Corporate,28,2125.99,1682.85,443.14,0.20844060428560862
ORD-10442,2025-10-15,2025,Saudi Arabia,Middle East,Furniture,Office Chair,Corporate,48,10169.83,7444.24,2725.59,0.2680074302139726
ORD-10443,2025-11-28,2025,Saudi Arabia,Middle East,Technology,Smartphone,Consumer,118,50214.47,34512.6,15701.87,0.3126960304534114
ORD-10444,2025-12-07,2025,Saudi Arabia,Middle East,Office Supplies,Desk Organizer,Consumer,93,4939.53,4174.92,764.61,0.1547943587424127
ORD-10445,2025-01-23,2025,South Africa,Africa,Technology,Monitor,Home Office,50,14520.73,11468.4,3052.33,0.21020528375237013
ORD-10446,2025-02-22,2025,South Africa,Africa,Furniture,Bookshelf,Home Office,49,10505.12,8490.97,2014.14,0.19172979860200437
ORD-10447,2025-03-05,2025,South Africa,Africa,Technology,Smartphone,Corporate,22,7757.78,5476.64,2281.14,0.29404571085205333
ORD-10448,2025-04-25,2025,South Africa,Africa,Office Supplies,Pens,Consumer,33,1817.51,1473.24,344.27,0.18941781632383597
ORD-10449,2025-05-14,2025,South Africa,Africa,Office Supplies,Desk Organizer,Corporate,33,1693.37,1486.36,207.01,0.12224605825049827
ORD-10450,2025-06-13,2025,South Africa,Africa,Furniture,Storage Cabinet,Consumer,96,19106.82,14860.02,4246.8,0.2222661081788791
ORD-10451,2025-07-19,2025,South Africa,Africa,Office Supplies,Binders,Home Office,62,2967.81,2526.89,440.91,0.14856533765252475
ORD-10452,2025-08-28,2025,South Africa,Africa,Technology,Laptop,Home Office,73,21636.28,15714.98,5921.3,0.27367467733462697
ORD-10453,2025-09-11,2025,South Africa,Africa,Technology,Headphones,Consumer,69,22512.33,16898.52,5613.8,0.24936579370665862
ORD-10454,2025-10-26,2025,South Africa,Africa,Furniture,Bookshelf,Home Office,88,11826.55,9079.35,2747.2,0.23229070915460986
ORD-10455,2025-11-01,2025,South Africa,Africa,Furniture,Office Chair,Consumer,27,4931.14,3794.98,1136.16,0.23040426146350657
ORD-10456,2025-12-07,2025,South Africa,Africa,Technology,Smartphone,Corporate,73,14356.64,9978.38,4378.26,0.3049638123164767
ORD-10457,2025-01-09,2025,Nigeria,Africa,Office Supplies,Pens,Home Office,53,1932.24,1464.78,467.46,0.24192706752711093
ORD-10458,2025-02-06,2025,Nigeria,Africa,Technology,Monitor,Corporate,25,5875.13,3886.66,1988.47,0.338456032260279
ORD-10459,2025-03-14,2025,Nigeria,Africa,Technology,Headphones,Home Office,54,15461.32,10503.99,4957.33,0.32062785884810435
ORD-10460,2025-04-05,2025,Nigeria,Africa,Office Supplies,Printer Paper,Home Office,27,874.04,710.41,163.64,0.1872168049913097
ORD-10461,2025-05-11,2025,Nigeria,Africa,Office Supplies,Pens,Home Office,102,4473.71,3887.8,585.91,0.13096750828230116
ORD-10462,2025-06-03,2025,Nigeria,Africa,Technology,Headphones,Home Office,31,7760.66,5762.49,1998.16,0.2574736240950852
ORD-10463,2025-07-13,2025,Nigeria,Africa,Office Supplies,Printer Paper,Consumer,55,2301.99,1920.07,381.93,0.16591063928943514
ORD-10464,2025-08-06,2025,Nigeria,Africa,Technology,Smartphone,Consumer,82,21545.16,15011.84,6533.32,0.30323830871285806
ORD-10465,2025-09-14,2025,Nigeria,Africa,Furniture,Bookshelf,Home Office,42,7075.48,5744.12,1331.36,0.1881648957013138
ORD-10466,2025-10-04,2025,Nigeria,Africa,Office Supplies,Desk Organizer,Consumer,26,1444.12,1232.12,212.0,0.14680157698909543
ORD-10467,2025-11-09,2025,Nigeria,Africa,Office Supplies,Desk Organizer,Corporate,69,2793.23,2383.24,409.99,0.14677962265710814
ORD-10468,2025-12-10,2025,Nigeria,Africa,Office Supplies,Printer Paper,Consumer,85,4071.04,3189.49,881.55,0.2165415566631495
ORD-10469,2025-01-07,2025,Kenya,Africa,Office Supplies,Printer Paper,Home Office,53,1705.77,1359.78,345.98,0.2028312243606352
ORD-10470,2025-02-08,2025,Kenya,Africa,Office Supplies,Desk Organizer,Corporate,97,2798.25,2132.97,665.28,0.23774950724283883
ORD-10471,2025-03-17,2025,Kenya,Africa,Furniture,Storage Cabinet,Consumer,45,6035.41,4579.24,1456.17,0.24127157217652692
ORD-10472,2025-04-14,2025,Kenya,Africa,Technology,Monitor,Corporate,31,6283.52,4205.71,2077.81,0.3306767963484349
ORD-10473,2025-05-01,2025,Kenya,Africa,Furniture,Desk,Corporate,113,11460.28,8704.27,2756.01,0.240483619631111
ORD-10474,2025-06-10,2025,Kenya,Africa,Furniture,Desk,Consumer,22,3708.04,2900.59,807.45,0.217757002866218
ORD-10475,2025-07-18,2025,Kenya,Africa,Office Supplies,Desk Organizer,Corporate,104,3799.83,3013.78,786.05,0.20686447459748225
ORD-10476,2025-08-07,2025,Kenya,Africa,Office Supplies,Pens,Corporate,25,862.36,697.34,165.02,0.19135656379543972
ORD-10477,2025-09-22,2025,Kenya,Africa,Technology,Monitor,Corporate,90,21000.37,14067.24,6933.13,0.3301431763021703
ORD-10478,2025-10-08,2025,Kenya,Africa,Office Supplies,Printer Paper,Corporate,104,3880.8,2932.29,948.51,0.2444113572059287
ORD-10479,2025-11-02,2025,Kenya,Africa,Technology,Smartphone,Consumer,70,11840.78,8247.39,3593.39,0.30347561533048656
ORD-10480,2025-12-06,2025,Kenya,Africa,Furniture,Desk,Consumer,16,2401.43,1791.04,610.4,0.25417995334686394
ORD-10481,2026-01-06,2026,United States,North America,Furniture,Bookshelf,Home Office,81,52940.04,39361.35,13578.69,0.25649186217121506
ORD-10482,2026-02-04,2026,United States,North America,Furniture,Desk,Home Office,114,77824.01,57749.13,20074.88,0.257952300506605
ORD-10483,2026-03-19,2026,United States,North America,Technology,Monitor,Corporate,49,45139.28,33332.92,11806.36,0.26155395809917736
ORD-10484,2026-04-28,2026,United States,North America,Office Supplies,Printer Paper,Corporate,73,11920.13,10291.21,1628.92,0.13665269330109048
ORD-10485,2026-05-19,2026,United States,North America,Office Supplies,Pens,Corporate,35,4885.29,4189.88,695.41,0.1423485898026244
ORD-10486,2026-06-28,2026,United States,North America,Office Supplies,Printer Paper,Consumer,109,17778.77,15373.58,2405.19,0.13528454887153715
ORD-10487,2026-07-06,2026,United States,North America,Technology,Smartphone,Consumer,75,62863.57,41463.1,21400.47,0.3404271854311985
ORD-10488,2026-08-11,2026,United States,North America,Technology,Headphones,Consumer,56,43572.93,28762.38,14810.55,0.3399025717857074
ORD-10489,2026-09-02,2026,United States,North America,Furniture,Office Chair,Home Office,62,27295.24,20449.62,6845.62,0.25079908600623096
ORD-10490,2026-10-15,2026,United States,North America,Technology,Smartphone,Home Office,20,22892.74,17438.06,5454.68,0.23827117253272936
ORD-10491,2026-11-07,2026,United States,North America,Furniture,Bookshelf,Corporate,26,15071.47,12494.91,2576.56,0.17095630082689459
ORD-10492,2026-12-16,2026,United States,North America,Furniture,Bookshelf,Home Office,94,45105.69,35444.37,9661.31,0.21419283532353436
ORD-10493,2026-01-18,2026,Canada,North America,Technology,Smartphone,Consumer,15,9269.1,7110.61,2158.49,0.23286923071712048
ORD-10494,2026-02-24,2026,Canada,North America,Furniture,Office Chair,Corporate,15,5281.92,4145.5,1136.42,0.21515297965616512
ORD-10495,2026-03-16,2026,Canada,North America,Office Supplies,Binders,Consumer,41,3689.63,3104.53,585.1,0.1585801113425038
ORD-10496,2026-04-28,2026,Canada,North America,Technology,Smartphone,Home Office,50,19013.71,12538.54,6475.18,0.3405529283566528
ORD-10497,2026-05-19,2026,Canada,North America,Office Supplies,Desk Organizer,Home Office,62,5355.75,4178.83,1176.91,0.21974792786082836
ORD-10498,2026-06-02,2026,Canada,North America,Technology,Smartphone,Home Office,119,55405.62,38727.01,16678.62,0.3010274916003532
ORD-10499,2026-07-26,2026,Canada,North America,Furniture,Desk,Consumer,52,13772.14,10910.28,2861.87,0.20780106984917107
ORD-10500,2026-08-07,2026,Canada,North America,Furniture,Bookshelf,Corporate,72,19207.5,15770.08,3437.42,0.17896249229629754
ORD-10501,2026-09-14,2026,Canada,North America,Technology,Laptop,Consumer,28,11213.34,8007.15,3206.19,0.2859266134923995
ORD-10502,2026-10-04,2026,Canada,North America,Technology,Monitor,Consumer,72,31768.59,23451.55,8317.05,0.261800951229765
ORD-10503,2026-11-02,2026,Canada,North America,Technology,Smartphone,Home Office,53,31159.92,21387.38,9772.54,0.3136253579884492
ORD-10504,2026-12-13,2026,Canada,North America,Technology,Monitor,Consumer,26,14437.7,9439.25,4998.45,0.3462080005011643
ORD-10505,2026-01-01,2026,Mexico,North America,Office Supplies,Printer Paper,Home Office,53,3486.49,2618.77,867.72,0.24888119444894888
ORD-10506,2026-02-04,2026,Mexico,North America,Furniture,Storage Cabinet,Home Office,110,29901.59,24478.43,5423.16,0.18136703323904568
ORD-10507,2026-03-05,2026,Mexico,North America,Technology,Laptop,Consumer,22,11164.51,7280.29,3884.22,0.3479080684980346
ORD-10508,2026-04-19,2026,Mexico,North America,Technology,Headphones,Corporate,102,46784.57,32404.76,14379.81,0.3073622018850202
ORD-10509,2026-05-21,2026,Mexico,North America,Office Supplies,Binders,Consumer,17,1664.07,1408.25,255.82,0.153730040403452
ORD-10510,2026-06-15,2026,Mexico,North America,Furniture,Desk,Consumer,118,28181.55,23246.3,4935.25,0.1751235582908517
ORD-10511,2026-07-01,2026,Mexico,North America,Technology,Smartphone,Home Office,70,35375.11,25562.06,9813.05,0.2773998425866303
ORD-10512,2026-08-09,2026,Mexico,North America,Furniture,Storage Cabinet,Consumer,60,13271.03,10716.91,2554.12,0.19245813364533948
ORD-10513,2026-09-10,2026,Mexico,North America,Furniture,Desk,Consumer,93,26250.24,21013.47,5236.77,0.1994941735094295
ORD-10514,2026-10-05,2026,Mexico,North America,Furniture,Storage Cabinet,Home Office,76,15045.59,11982.71,3062.88,0.2035731184926766
ORD-10515,2026-11-26,2026,Mexico,North America,Furniture,Desk,Home Office,117,31374.97,23666.44,7708.53,0.24569052665897062
ORD-10516,2026-12-26,2026,Mexico,North America,Office Supplies,Printer Paper,Corporate,115,9835.31,7990.58,1844.73,0.18756213266657396
ORD-10517,2026-01-01,2026,Brazil,South America,Furniture,Bookshelf,Home Office,79,23081.0,18408.2,4672.8,0.2024522821722768
ORD-10518,2026-02-16,2026,Brazil,South America,Furniture,Desk,Consumer,118,44498.92,36621.23,7877.69,0.17703094763337415
ORD-10519,2026-03-22,2026,Brazil,South America,Office Supplies,Binders,Home Office,44,5247.54,4502.3,745.24,0.14201612047659481
ORD-10520,2026-04-25,2026,Brazil,South America,Technology,Monitor,Home Office,119,72945.86,49716.45,23229.41,0.31844721650115426
ORD-10521,2026-05-26,2026,Brazil,South America,Technology,Headphones,Corporate,37,15845.72,11074.54,4771.18,0.3011023411017695
ORD-10522,2026-06-19,2026,Brazil,South America,Office Supplies,Binders,Home Office,18,1885.59,1560.89,324.7,0.1722018578179706
ORD-10523,2026-07-16,2026,Brazil,South America,Office Supplies,Pens,Home Office,39,4364.11,3372.38,991.74,0.22724813957359769
ORD-10524,2026-08-20,2026,Brazil,South America,Office Supplies,Binders,Consumer,77,5318.22,4591.01,727.21,0.13674015721615262
ORD-10525,2026-09-07,2026,Brazil,South America,Technology,Laptop,Home Office,76,28544.42,18835.1,9709.31,0.34014754231047767
ORD-10526,2026-10-11,2026,Brazil,South America,Technology,Monitor,Home Office,37,24097.81,16113.87,7983.94,0.331314090372518
ORD-10527,2026-11-04,2026,Brazil,South America,Technology,Laptop,Consumer,90,52830.17,39781.21,13048.96,0.24699831972214575
ORD-10528,2026-12-19,2026,Brazil,South America,Office Supplies,Binders,Consumer,62,6498.42,5137.28,1361.14,0.20945674633586003
ORD-10529,2026-01-14,2026,Argentina,South America,Technology,Monitor,Corporate,56,10241.62,8102.14,2139.48,0.20890046632202156
ORD-10530,2026-02-23,2026,Argentina,South America,Office Supplies,Desk Organizer,Home Office,55,1845.11,1464.56,380.55,0.20624914755998008
ORD-10531,2026-03-10,2026,Argentina,South America,Office Supplies,Binders,Consumer,100,4331.69,3850.69,481.0,0.11104219559882655
ORD-10532,2026-04-19,2026,Argentina,South America,Office Supplies,Binders,Consumer,37,1724.64,1373.06,351.58,0.20385457250655448
ORD-10533,2026-05-20,2026,Argentina,South America,Furniture,Office Chair,Consumer,92,11781.31,9106.29,2675.03,0.2270568310924158
ORD-10534,2026-06-12,2026,Argentina,South America,Technology,Laptop,Corporate,33,6882.84,5510.84,1372.0,0.19933679661571616
ORD-10535,2026-07-24,2026,Argentina,South America,Furniture,Desk,Home Office,26,4398.37,3472.94,925.43,0.21040294853368646
ORD-10536,2026-08-12,2026,Argentina,South America,Furniture,Storage Cabinet,Consumer,48,5721.37,4501.68,1219.69,0.21318112915855178
ORD-10537,2026-09-14,2026,Argentina,South America,Furniture,Office Chair,Home Office,15,1590.07,1299.74,290.32,0.18258641695909306
ORD-10538,2026-10-27,2026,Argentina,South America,Technology,Headphones,Corporate,63,13306.7,10179.07,3127.63,0.23504170844086575
ORD-10539,2026-11-10,2026,Argentina,South America,Furniture,Desk,Consumer,72,7782.6,5981.0,1801.61,0.23149149808294728
ORD-10540,2026-12-13,2026,Argentina,South America,Technology,Monitor,Corporate,28,4890.89,3861.78,1029.1,0.2104126243781429
ORD-10541,2026-01-16,2026,United Kingdom,Europe,Technology,Laptop,Home Office,26,13503.89,8801.39,4702.5,0.3482331320169372
ORD-10542,2026-02-06,2026,United Kingdom,Europe,Office Supplies,Printer Paper,Corporate,98,8099.2,6181.55,1917.65,0.23677039244848522
ORD-10543,2026-03-18,2026,United Kingdom,Europe,Technology,Laptop,Corporate,41,29829.43,21503.63,8325.8,0.2791135838900775
ORD-10544,2026-04-13,2026,United Kingdom,Europe,Office Supplies,Binders,Home Office,51,4609.28,3957.02,652.26,0.14150991056826895
ORD-10545,2026-05-10,2026,United Kingdom,Europe,Office Supplies,Desk Organizer,Consumer,21,1975.74,1617.51,358.23,0.18131271489348572
ORD-10546,2026-06-10,2026,United Kingdom,Europe,Office Supplies,Desk Organizer,Consumer,27,2011.8,1709.02,302.78,0.1504998630030667
ORD-10547,2026-07-22,2026,United Kingdom,Europe,Technology,Headphones,Consumer,54,35940.18,25642.84,10297.34,0.28651333435395077
ORD-10548,2026-08-13,2026,United Kingdom,Europe,Furniture,Office Chair,Home Office,84,27850.97,21876.31,5974.66,0.21452246298088967
ORD-10549,2026-09-08,2026,United Kingdom,Europe,Furniture,Desk,Corporate,20,6128.11,4744.34,1383.77,0.22580695473855808
ORD-10550,2026-10-22,2026,United Kingdom,Europe,Furniture,Office Chair,Consumer,111,43746.51,35801.96,7944.56,0.18160431452307757
ORD-10551,2026-11-27,2026,United Kingdom,Europe,Furniture,Storage Cabinet,Home Office,44,16068.15,11715.36,4352.79,0.2708956599716301
ORD-10552,2026-12-08,2026,United Kingdom,Europe,Office Supplies,Desk Organizer,Home Office,102,12611.3,10253.25,2358.05,0.18697892657463042
ORD-10553,2026-01-17,2026,Germany,Europe,Furniture,Bookshelf,Consumer,65,30083.31,22390.51,7692.8,0.25571668389564317
ORD-10554,2026-02-06,2026,Germany,Europe,Office Supplies,Pens,Consumer,111,11695.74,8843.3,2852.44,0.24388737796339519
ORD-10555,2026-03-14,2026,Germany,Europe,Technology,Smartphone,Consumer,20,11622.84,7571.19,4051.65,0.34859359236042986
ORD-10556,2026-04-26,2026,Germany,Europe,Technology,Smartphone,Home Office,48,26167.41,17865.74,8301.67,0.31725236110166366
ORD-10557,2026-05-09,2026,Germany,Europe,Technology,Laptop,Corporate,86,49201.1,35959.35,13241.75,0.2691352166443684
ORD-10558,2026-06-26,2026,Germany,Europe,Office Supplies,Desk Organizer,Consumer,115,13909.94,11120.87,2789.07,0.20050913052787972
ORD-10559,2026-07-25,2026,Germany,Europe,Furniture,Office Chair,Corporate,34,10220.25,7761.74,2458.5,0.24055209599376662
ORD-10560,2026-08-18,2026,Germany,Europe,Technology,Laptop,Home Office,114,53486.76,39348.54,14138.22,0.26433114248586465
ORD-10561,2026-09-16,2026,Germany,Europe,Furniture,Storage Cabinet,Corporate,64,26208.35,19953.92,6254.43,0.2386427887758274
ORD-10562,2026-10-23,2026,Germany,Europe,Technology,Smartphone,Corporate,66,31948.46,22266.84,9681.62,0.3030386316902753
ORD-10563,2026-11-16,2026,Germany,Europe,Furniture,Office Chair,Corporate,57,23779.61,19596.42,4183.19,0.1759149170628933
ORD-10564,2026-12-09,2026,Germany,Europe,Furniture,Bookshelf,Consumer,58,25778.8,20458.92,5319.88,0.20636659441377156
ORD-10565,2026-01-25,2026,France,Europe,Furniture,Office Chair,Consumer,32,9032.5,6690.85,2341.65,0.25924683699885964
ORD-10566,2026-02-15,2026,France,Europe,Furniture,Bookshelf,Home Office,68,22963.58,18813.73,4149.85,0.18071442203635188
ORD-10567,2026-03-27,2026,France,Europe,Technology,Headphones,Home Office,77,45503.52,30302.49,15201.03,0.33406267646602705
ORD-10568,2026-04-25,2026,France,Europe,Technology,Smartphone,Consumer,54,31118.75,22455.09,8663.65,0.27840621692149325
ORD-10569,2026-05-02,2026,France,Europe,Office Supplies,Printer Paper,Consumer,39,4352.51,3681.85,670.67,0.1540872131320625
ORD-10570,2026-06-09,2026,France,Europe,Technology,Laptop,Corporate,21,13389.13,9177.5,4211.63,0.3145560734264044
ORD-10571,2026-07-01,2026,France,Europe,Furniture,Storage Cabinet,Home Office,65,22310.58,18186.14,4124.44,0.18486474306688389
ORD-10572,2026-08-16,2026,France,Europe,Technology,Monitor,Corporate,91,45390.13,29718.62,15671.51,0.34526244539363454
ORD-10573,2026-09-27,2026,France,Europe,Office Supplies,Binders,Corporate,35,3837.13,3219.2,617.93,0.16103919126000504
ORD-10574,2026-10-19,2026,France,Europe,Office Supplies,Printer Paper,Corporate,18,1546.98,1315.63,231.35,0.1495488886718345
ORD-10575,2026-11-14,2026,France,Europe,Technology,Smartphone,Home Office,43,24376.68,17982.92,6393.76,0.2622900295122748
ORD-10576,2026-12-06,2026,France,Europe,Office Supplies,Printer Paper,Home Office,16,1448.64,1237.32,211.32,0.14587769089404176
ORD-10577,2026-01-23,2026,Spain,Europe,Office Supplies,Printer Paper,Consumer,47,2889.14,2186.61,702.52,0.24316059616696206
ORD-10578,2026-02-07,2026,Spain,Europe,Office Supplies,Binders,Corporate,63,4379.57,3569.0,810.57,0.18507976226687314
ORD-10579,2026-03-04,2026,Spain,Europe,Furniture,Bookshelf,Home Office,81,19267.04,15073.41,4193.63,0.21765830479665446
ORD-10580,2026-04-22,2026,Spain,Europe,Technology,Monitor,Home Office,97,33129.22,24385.72,8743.51,0.2639212253378116
ORD-10581,2026-05-28,2026,Spain,Europe,Technology,Headphones,Consumer,58,24048.63,16668.79,7379.84,0.30687136947375865
ORD-10582,2026-06-07,2026,Spain,Europe,Furniture,Bookshelf,Home Office,106,26768.03,20124.85,6643.18,0.24817597624551452
ORD-10583,2026-07-13,2026,Spain,Europe,Technology,Smartphone,Consumer,118,46062.1,30990.42,15071.68,0.32720347696545715
ORD-10584,2026-08-10,2026,Spain,Europe,Office Supplies,Binders,Home Office,32,2086.62,1651.25,435.37,0.20864806845549294
ORD-10585,2026-09-19,2026,Spain,Europe,Furniture,Storage Cabinet,Corporate,64,14580.6,11081.8,3498.8,0.23996284428960293
ORD-10586,2026-10-26,2026,Spain,Europe,Technology,Monitor,Home Office,106,28910.33,20406.18,8504.15,0.2941562121853055
ORD-10587,2026-11-18,2026,Spain,Europe,Furniture,Bookshelf,Home Office,53,12735.12,9285.47,3449.65,0.27087664335156797
ORD-10588,2026-12-26,2026,Spain,Europe,Technology,Monitor,Consumer,75,19143.66,14146.44,4997.23,0.26103822206722493
ORD-10589,2026-01-08,2026,Italy,Europe,Office Supplies,Pens,Home Office,57,3585.02,3166.75,418.27,0.11667042138154816
ORD-10590,2026-02-19,2026,Italy,Europe,Office Supplies,Binders,Corporate,115,8115.61,7023.23,1092.38,0.1346018915717834
ORD-10591,2026-03-19,2026,Italy,Europe,Furniture,Storage Cabinet,Consumer,75,11194.22,8886.78,2307.44,0.2061276092382443
ORD-10592,2026-04-13,2026,Italy,Europe,Office Supplies,Printer Paper,Corporate,39,2254.61,1816.99,437.62,0.19409973056378757
ORD-10593,2026-05-07,2026,Italy,Europe,Office Supplies,Binders,Corporate,21,1470.89,1311.89,158.99,0.10809341413143148
ORD-10594,2026-06-06,2026,Italy,Europe,Furniture,Storage Cabinet,Home Office,73,11644.12,8925.36,2718.75,0.2334872732004539
ORD-10595,2026-07-02,2026,Italy,Europe,Technology,Headphones,Corporate,95,39296.91,30352.55,8944.36,0.22760968861088066
ORD-10596,2026-08-25,2026,Italy,Europe,Technology,Headphones,Corporate,41,15250.23,12044.13,3206.1,0.21023269078994894
ORD-10597,2026-09-13,2026,Italy,Europe,Technology,Headphones,Consumer,31,10689.51,7845.91,2843.61,0.26601850488431134
ORD-10598,2026-10-12,2026,Italy,Europe,Furniture,Storage Cabinet,Corporate,15,2211.45,1871.04,340.41,0.153929710147374
ORD-10599,2026-11-24,2026,Italy,Europe,Technology,Monitor,Home Office,39,9145.21,7403.1,1742.12,0.19049486007692243
ORD-10600,2026-12-17,2026,Italy,Europe,Technology,Smartphone,Home Office,59,17045.01,13596.38,3448.63,0.2023249868007455
ORD-10601,2026-01-10,2026,India,Asia,Office Supplies,Binders,Consumer,23,4620.49,3854.48,766.0,0.1657842704192967
ORD-10602,2026-02-16,2026,India,Asia,Furniture,Bookshelf,Corporate,102,76913.73,60675.1,16238.64,0.2111279407109073
ORD-10603,2026-03-24,2026,India,Asia,Furniture,Desk,Consumer,118,65516.96,52583.25,12933.72,0.197410194180299
ORD-10604,2026-04-12,2026,India,Asia,Technology,Smartphone,Home Office,17,16965.48,12719.39,4246.09,0.2502781690268176
ORD-10605,2026-05-02,2026,India,Asia,Office Supplies,Printer Paper,Corporate,96,14002.94,11284.02,2718.92,0.1941680121032608
ORD-10606,2026-06-23,2026,India,Asia,Office Supplies,Printer Paper,Home Office,28,5163.1,4479.66,683.43,0.13236901198169734
ORD-10607,2026-07-23,2026,India,Asia,Technology,Headphones,Corporate,63,46943.04,34722.42,12220.62,0.26032859516834883
ORD-10608,2026-08-22,2026,India,Asia,Technology,Smartphone,Home Office,102,104040.37,76351.69,27688.68,0.26613397457081506
ORD-10609,2026-09-04,2026,India,Asia,Technology,Monitor,Home Office,92,97354.52,70070.03,27284.49,0.28025909021257106
ORD-10610,2026-10-20,2026,India,Asia,Office Supplies,Printer Paper,Corporate,29,5716.04,4631.54,1084.5,0.18972868758319014
ORD-10611,2026-11-06,2026,India,Asia,Technology,Monitor,Home Office,40,34889.67,25149.5,9740.18,0.27917074766339467
ORD-10612,2026-12-01,2026,India,Asia,Technology,Headphones,Consumer,103,121979.72,89085.15,32894.57,0.269672433943604
ORD-10613,2026-01-03,2026,China,Asia,Technology,Laptop,Consumer,88,70840.8,53279.56,17561.25,0.24789733912001194
ORD-10614,2026-02-08,2026,China,Asia,Office Supplies,Printer Paper,Home Office,107,10830.92,9090.31,1740.61,0.16070705233007979
ORD-10615,2026-03-28,2026,China,Asia,Furniture,Bookshelf,Corporate,74,24983.13,18298.11,6685.02,0.2675814096701458
ORD-10616,2026-04-04,2026,China,Asia,Technology,Monitor,Corporate,117,94566.17,67981.79,26584.39,0.2811194247649969
ORD-10617,2026-05-12,2026,China,Asia,Technology,Laptop,Consumer,32,25684.22,19251.31,6432.91,0.25046147316276507
ORD-10618,2026-06-04,2026,China,Asia,Furniture,Bookshelf,Home Office,26,10955.59,8642.57,2313.02,0.21112672673124325
ORD-10619,2026-07-16,2026,China,Asia,Furniture,Storage Cabinet,Corporate,49,26539.61,19830.71,6708.9,0.25278829173803774
ORD-10620,2026-08-28,2026,China,Asia,Furniture,Desk,Consumer,31,15667.05,12893.4,2773.66,0.17703756747982127
ORD-10621,2026-09-15,2026,China,Asia,Technology,Laptop,Corporate,90,65415.47,45903.79,19511.68,0.2982732117280899
ORD-10622,2026-10-27,2026,China,Asia,Technology,Headphones,Corporate,93,49889.82,34317.43,15572.39,0.3121356960057768
ORD-10623,2026-11-02,2026,China,Asia,Office Supplies,Pens,Corporate,77,7861.39,6451.42,1409.97,0.17935411164822085
ORD-10624,2026-12-17,2026,China,Asia,Technology,Monitor,Home Office,55,29125.06,19391.47,9733.59,0.3341998726230224
ORD-10625,2026-01-20,2026,Japan,Asia,Office Supplies,Pens,Home Office,58,5416.68,4265.16,1151.53,0.2125889972155512
ORD-10626,2026-02-22,2026,Japan,Asia,Technology,Headphones,Home Office,108,47845.81,34856.16,12989.66,0.27148993849490044
ORD-10627,2026-03-02,2026,Japan,Asia,Office Supplies,Desk Organizer,Consumer,120,11455.54,8608.44,2847.1,0.24853499497137738
ORD-10628,2026-04-03,2026,Japan,Asia,Technology,Smartphone,Home Office,75,46602.42,31021.84,15580.58,0.33432987615353216
ORD-10629,2026-05-08,2026,Japan,Asia,Furniture,Bookshelf,Consumer,57,23159.08,19082.11,4076.97,0.17604208574318528
ORD-10630,2026-06-26,2026,Japan,Asia,Office Supplies,Desk Organizer,Corporate,119,9328.82,7602.13,1726.68,0.1850913513697883
ORD-10631,2026-07-16,2026,Japan,Asia,Office Supplies,Desk Organizer,Consumer,78,6987.9,5979.94,1007.97,0.14424482224643598
ORD-10632,2026-08-01,2026,Japan,Asia,Office Supplies,Printer Paper,Consumer,66,5791.84,4651.68,1140.16,0.19685572136857996
ORD-10633,2026-09-11,2026,Japan,Asia,Technology,Monitor,Home Office,86,37038.62,25535.28,11503.34,0.3105769244934987
ORD-10634,2026-10-20,2026,Japan,Asia,Furniture,Office Chair,Consumer,73,21134.26,15595.18,5539.08,0.26208996798374473
ORD-10635,2026-11-08,2026,Japan,Asia,Furniture,Bookshelf,Home Office,72,17972.96,13279.89,4693.07,0.26111839412949406
ORD-10636,2026-12-17,2026,Japan,Asia,Technology,Monitor,Corporate,96,62845.62,46189.14,16656.48,0.2650380276569937
ORD-10637,2026-01-24,2026,Singapore,Asia,Furniture,Office Chair,Consumer,36,9996.03,7310.89,2685.14,0.26862063919024715
ORD-10638,2026-02-28,2026,Singapore,Asia,Office Supplies,Desk Organizer,Consumer,47,4020.4,3407.27,613.13,0.15250520806379236
ORD-10639,2026-03-04,2026,Singapore,Asia,Furniture,Desk,Corporate,120,38846.56,28901.27,9945.28,0.25601454973632115
ORD-10640,2026-04-15,2026,Singapore,Asia,Furniture,Office Chair,Home Office,101,29595.79,21822.24,7773.55,0.2626574208364675
ORD-10641,2026-05-14,2026,Singapore,Asia,Furniture,Desk,Corporate,15,4255.71,3507.43,748.27,0.17582859267582865
ORD-10642,2026-06-19,2026,Singapore,Asia,Office Supplies,Desk Organizer,Home Office,114,11377.75,9656.71,1721.05,0.1512642926202574
ORD-10643,2026-07-11,2026,Singapore,Asia,Technology,Smartphone,Consumer,64,31426.56,21912.51,9514.06,0.30273929287436235
ORD-10644,2026-08-09,2026,Singapore,Asia,Office Supplies,Desk Organizer,Corporate,92,9159.84,7131.07,2028.77,0.2214849587514152
ORD-10645,2026-09-20,2026,Singapore,Asia,Furniture,Bookshelf,Corporate,72,23576.15,19177.27,4398.88,0.1865816006774414
ORD-10646,2026-10-18,2026,Singapore,Asia,Office Supplies,Binders,Home Office,85,8247.2,6470.55,1776.65,0.21542492276741748
ORD-10647,2026-11-12,2026,Singapore,Asia,Office Supplies,Pens,Consumer,41,3532.25,2949.89,582.36,0.1648695394575102
ORD-10648,2026-12-18,2026,Singapore,Asia,Office Supplies,Pens,Home Office,98,10024.22,8507.18,1517.04,0.15133752391090396
ORD-10649,2026-01-19,2026,Australia,Oceania,Office Supplies,Binders,Home Office,29,2893.03,2321.73,571.3,0.19747362537417118
ORD-10650,2026-02-28,2026,Australia,Oceania,Office Supplies,Desk Organizer,Home Office,110,11699.88,9429.3,2270.58,0.19406833644443272
ORD-10651,2026-03-22,2026,Australia,Oceania,Furniture,Office Chair,Home Office,28,6141.35,4990.22,1151.13,0.18743920539593556
ORD-10652,2026-04-22,2026,Australia,Oceania,Technology,Smartphone,Corporate,111,62774.04,40927.18,21846.87,0.34802388723488037
ORD-10653,2026-05-18,2026,Australia,Oceania,Furniture,Desk,Consumer,103,36038.58,29029.79,7008.79,0.19448010839843208
ORD-10654,2026-06-18,2026,Australia,Oceania,Technology,Monitor,Corporate,28,14516.91,10001.23,4515.67,0.31106312162234706
ORD-10655,2026-07-10,2026,Australia,Oceania,Technology,Headphones,Consumer,80,45215.32,30481.52,14733.8,0.3258586102987484
ORD-10656,2026-08-22,2026,Australia,Oceania,Office Supplies,Printer Paper,Corporate,64,5291.68,4103.31,1188.37,0.2245733836077058
ORD-10657,2026-09-25,2026,Australia,Oceania,Furniture,Office Chair,Consumer,110,28403.72,21459.94,6943.78,0.24446740347342183
ORD-10658,2026-10-19,2026,Australia,Oceania,Furniture,Desk,Home Office,105,35387.33,27809.88,7577.45,0.21412893452206938
ORD-10659,2026-11-22,2026,Australia,Oceania,Office Supplies,Pens,Home Office,39,2987.81,2535.78,452.03,0.1512911078185915
ORD-10660,2026-12-14,2026,Australia,Oceania,Technology,Smartphone,Consumer,109,53415.4,38712.08,14703.33,0.27526378724631745
ORD-10661,2026-01-11,2026,UAE,Middle East,Furniture,Bookshelf,Consumer,35,13194.77,10547.88,2646.9,0.20060193777589058
ORD-10662,2026-02-25,2026,UAE,Middle East,Furniture,Desk,Consumer,34,15226.49,11547.38,3679.11,0.24162563984172541
ORD-10663,2026-03-26,2026,UAE,Middle East,Office Supplies,Binders,Corporate,116,12537.0,10368.47,2168.53,0.17297027057964873
ORD-10664,2026-04-26,2026,UAE,Middle East,Office Supplies,Binders,Home Office,43,5627.22,4544.14,1083.09,0.19247275447980441
ORD-10665,2026-05-08,2026,UAE,Middle East,Office Supplies,Pens,Corporate,84,8900.99,7645.65,1255.34,0.14103346647268802
ORD-10666,2026-06-20,2026,UAE,Middle East,Technology,Monitor,Corporate,61,31265.92,20509.29,10756.63,0.3440369931632181
ORD-10667,2026-07-04,2026,UAE,Middle East,Office Supplies,Desk Organizer,Home Office,120,14246.23,11284.21,2962.02,0.20791601360631318
ORD-10668,2026-08-20,2026,UAE,Middle East,Office Supplies,Binders,Corporate,45,5748.89,4578.16,1170.73,0.2036441316472953
ORD-10669,2026-09-04,2026,UAE,Middle East,Technology,Laptop,Home Office,56,30335.77,20460.12,9875.65,0.3255447902783641
ORD-10670,2026-10-27,2026,UAE,Middle East,Furniture,Bookshelf,Home Office,107,33714.39,24295.93,9418.46,0.2793603111954342
ORD-10671,2026-11-11,2026,UAE,Middle East,Furniture,Storage Cabinet,Corporate,20,6357.69,4779.82,1577.87,0.24818338351772334
ORD-10672,2026-12-18,2026,UAE,Middle East,Office Supplies,Printer Paper,Consumer,36,4742.42,3685.82,1056.6,0.22279822218833106
ORD-10673,2026-01-22,2026,Saudi Arabia,Middle East,Technology,Laptop,Consumer,100,47483.5,35347.62,12135.88,0.25558101582373743
ORD-10674,2026-02-24,2026,Saudi Arabia,Middle East,Furniture,Office Chair,Consumer,83,26983.68,19551.39,7432.29,0.27543646780510883
ORD-10675,2026-03-11,2026,Saudi Arabia,Middle East,Furniture,Office Chair,Home Office,102,22393.01,17352.19,5040.82,0.225107028231205
ORD-10676,2026-04-03,2026,Saudi Arabia,Middle East,Technology,Laptop,Consumer,21,7576.04,5604.53,1971.5,0.2602289601189652
ORD-10677,2026-05-14,2026,Saudi Arabia,Middle East,Office Supplies,Pens,Corporate,67,4951.15,3933.07,1018.09,0.20562607175509456
ORD-10678,2026-06-24,2026,Saudi Arabia,Middle East,Furniture,Office Chair,Corporate,101,21613.53,17923.93,3689.6,0.17070787129529355
ORD-10679,2026-07-12,2026,Saudi Arabia,Middle East,Office Supplies,Printer Paper,Home Office,89,5201.66,3995.97,1205.69,0.23179014868073713
ORD-10680,2026-08-10,2026,Saudi Arabia,Middle East,Office Supplies,Printer Paper,Corporate,115,10043.5,8006.8,2036.7,0.20278790094241958
ORD-10681,2026-09-18,2026,Saudi Arabia,Middle East,Furniture,Storage Cabinet,Corporate,120,35859.16,27723.49,8135.67,0.22687852128415414
ORD-10682,2026-10-10,2026,Saudi Arabia,Middle East,Technology,Smartphone,Home Office,65,33610.85,22454.2,11156.66,0.33193609256660145
ORD-10683,2026-11-28,2026,Saudi Arabia,Middle East,Office Supplies,Pens,Corporate,101,9737.12,7343.31,2393.81,0.24584384721072045
ORD-10684,2026-12-02,2026,Saudi Arabia,Middle East,Office Supplies,Binders,Consumer,85,8147.78,6950.34,1197.44,0.14696486394694613
ORD-10685,2026-01-24,2026,South Africa,Africa,Technology,Headphones,Home Office,85,28190.4,21803.5,6386.9,0.22656293828194096
ORD-10686,2026-02-05,2026,South Africa,Africa,Office Supplies,Binders,Consumer,67,3893.29,3145.1,748.19,0.1921750621609861
ORD-10687,2026-03-06,2026,South Africa,Africa,Technology,Smartphone,Consumer,93,29267.99,23024.57,6243.42,0.213319145841559
ORD-10688,2026-04-22,2026,South Africa,Africa,Office Supplies,Printer Paper,Home Office,74,3779.5,3406.17,373.33,0.098777348659026
ORD-10689,2026-05-11,2026,South Africa,Africa,Technology,Monitor,Consumer,40,11929.25,8965.27,2963.97,0.24846284921604972
ORD-10690,2026-06-03,2026,South Africa,Africa,Furniture,Desk,Home Office,98,13595.54,11362.92,2232.61,0.1642164572651825
ORD-10691,2026-07-23,2026,South Africa,Africa,Technology,Monitor,Corporate,72,17155.01,12538.07,4616.94,0.2691306701055247
ORD-10692,2026-08-14,2026,South Africa,Africa,Office Supplies,Pens,Home Office,87,3786.38,3301.87,484.5,0.12795997913955942
ORD-10693,2026-09-21,2026,South Africa,Africa,Technology,Laptop,Corporate,46,14135.77,10241.88,3893.89,0.2754638952670838
ORD-10694,2026-10-16,2026,South Africa,Africa,Furniture,Bookshelf,Corporate,32,5770.23,4790.52,979.71,0.16978755403568074
ORD-10695,2026-11-06,2026,South Africa,Africa,Furniture,Storage Cabinet,Corporate,114,16570.95,13319.72,3251.23,0.19620061913922374
ORD-10696,2026-12-09,2026,South Africa,Africa,Office Supplies,Printer Paper,Corporate,120,4496.4,3801.1,695.3,0.1546341644493628
ORD-10697,2026-01-21,2026,Nigeria,Africa,Office Supplies,Printer Paper,Home Office,24,1529.78,1174.95,354.83,0.23195047274873698
ORD-10698,2026-02-18,2026,Nigeria,Africa,Technology,Headphones,Home Office,42,15091.26,10621.36,4469.9,0.296191279823139
ORD-10699,2026-03-25,2026,Nigeria,Africa,Office Supplies,Desk Organizer,Home Office,114,4744.46,3904.22,840.24,0.1770998015016079
ORD-10700,2026-04-12,2026,Nigeria,Africa,Office Supplies,Binders,Consumer,74,3855.91,3312.74,543.17,0.14086648291061984
ORD-10701,2026-05-20,2026,Nigeria,Africa,Office Supplies,Printer Paper,Home Office,45,2809.26,2172.17,637.1,0.22678480683134788
ORD-10702,2026-06-19,2026,Nigeria,Africa,Office Supplies,Pens,Home Office,32,1615.14,1370.45,244.69,0.15149742206903452
ORD-10703,2026-07-08,2026,Nigeria,Africa,Office Supplies,Pens,Home Office,108,5570.92,4606.84,964.08,0.1730554646614966
ORD-10704,2026-08-07,2026,Nigeria,Africa,Furniture,Desk,Consumer,48,8018.54,6614.19,1404.34,0.17513701290063763
ORD-10705,2026-09-02,2026,Nigeria,Africa,Office Supplies,Binders,Corporate,75,4838.15,3697.38,1140.77,0.23578623775819316
ORD-10706,2026-10-09,2026,Nigeria,Africa,Office Supplies,Binders,Consumer,105,6931.31,5503.27,1428.04,0.20602803781299045
ORD-10707,2026-11-13,2026,Nigeria,Africa,Office Supplies,Binders,Home Office,84,4549.54,3752.46,797.07,0.17519914834529943
ORD-10708,2026-12-17,2026,Nigeria,Africa,Furniture,Office Chair,Home Office,47,7884.91,5686.05,2198.86,0.27886909117361836
ORD-10709,2026-01-01,2026,Kenya,Africa,Furniture,Bookshelf,Corporate,77,14106.91,10206.9,3900.01,0.2764606332220534
ORD-10710,2026-02-09,2026,Kenya,Africa,Office Supplies,Pens,Corporate,36,1378.46,1114.15,264.31,0.19174495277715656
ORD-10711,2026-03-04,2026,Kenya,Africa,Technology,Smartphone,Consumer,35,8175.51,5591.42,2584.08,0.31607632501449145
ORD-10712,2026-04-22,2026,Kenya,Africa,Office Supplies,Pens,Corporate,118,4824.3,4131.53,692.77,0.14360064370767772
ORD-10713,2026-05-01,2026,Kenya,Africa,Furniture,Storage Cabinet,Consumer,90,11391.76,8315.94,3075.82,0.27000379956743054
ORD-10714,2026-06-17,2026,Kenya,Africa,Technology,Laptop,Consumer,88,23489.61,17707.25,5782.36,0.24616688576001566
ORD-10715,2026-07-13,2026,Kenya,Africa,Technology,Smartphone,Consumer,36,7866.84,5887.51,1979.33,0.25160450474915563
ORD-10716,2026-08-03,2026,Kenya,Africa,Office Supplies,Printer Paper,Home Office,108,5341.8,4465.66,876.13,0.16401455516867688
ORD-10717,2026-09-27,2026,Kenya,Africa,Technology,Headphones,Home Office,75,23007.3,17244.71,5762.59,0.25046801407876346
ORD-10718,2026-10-17,2026,Kenya,Africa,Furniture,Desk,Home Office,120,21713.92,16398.67,5315.25,0.24478540866939605
ORD-10719,2026-11-19,2026,Kenya,Africa,Furniture,Desk,Home Office,102,14570.42,11300.57,3269.84,0.22441641741681106
ORD-10720,2026-12-17,2026,Kenya,Africa,Technology,Smartphone,Corporate,64,12816.71,9843.39,2973.32,0.23198751527280967
